Lesson ID,Ээлжит хичээл,Үнэлгээний нэгж,Learning Objective ID,Суралцахуйн зорилт,Суралцахуйн үр дүн
L1,Бүхэл тооны жиших үйлдэл,"Тоон олонлог, зэрэг, язгуур",CZ-6.1а,"6.1а. Эерэг, сөрөг тоог ахуй амьдралд хэрэглэх, тоон шулуун хэрэглэн бүхэл тоонуудыг жиших, нэмэх, хасах, хялбар бүхэл тоонуудыг үржүүлэх, хуваах","1. Сурагч эерэг, сөрөг тооны ахуй амьдрал дахь хэрэглээг ойлгодог, хялбар бүхэл тоог жишиж, дөрвөн үйлдэл гүйцэтгэдэг, бүхэл тооны квадрат зэргийн утга болон квадрат язгуур нь бүхэл тоо байх тоог олдог, тэмдэглэдэг болно."
L2,"Бүхэл тооны нэмэх, хасах үйлдэл","Тоон олонлог, зэрэг, язгуур",CZ-6.1а,"6.1а. Эерэг, сөрөг тоог ахуй амьдралд хэрэглэх, тоон шулуун хэрэглэн бүхэл тоонуудыг жиших, нэмэх, хасах, хялбар бүхэл тоонуудыг үржүүлэх, хуваах","1. Сурагч эерэг, сөрөг тооны ахуй амьдрал дахь хэрэглээг ойлгодог, хялбар бүхэл тоог жишиж, дөрвөн үйлдэл гүйцэтгэдэг, бүхэл тооны квадрат зэргийн утга болон квадрат язгуур нь бүхэл тоо байх тоог олдог, тэмдэглэдэг болно."
L3,"Бодлого дасгал (Бүхэл тооны нэмэх, хасах үйлдэл)","Тоон олонлог, зэрэг, язгуур",CZ-6.1а,"6.1а. Эерэг, сөрөг тоог ахуй амьдралд хэрэглэх, тоон шулуун хэрэглэн бүхэл тоонуудыг жиших, нэмэх, хасах, хялбар бүхэл тоонуудыг үржүүлэх, хуваах","1. Сурагч эерэг, сөрөг тооны ахуй амьдрал дахь хэрэглээг ойлгодог, хялбар бүхэл тоог жишиж, дөрвөн үйлдэл гүйцэтгэдэг, бүхэл тооны квадрат зэргийн утга болон квадрат язгуур нь бүхэл тоо байх тоог олдог, тэмдэглэдэг болно."
L4,"Бүхэл тооны үржих, хуваах үйлдэл","Тоон олонлог, зэрэг, язгуур",CZ-6.1а,"6.1а. Эерэг, сөрөг тоог ахуй амьдралд хэрэглэх, тоон шулуун хэрэглэн бүхэл тоонуудыг жиших, нэмэх, хасах, хялбар бүхэл тоонуудыг үржүүлэх, хуваах","1. Сурагч эерэг, сөрөг тооны ахуй амьдрал дахь хэрэглээг ойлгодог, хялбар бүхэл тоог жишиж, дөрвөн үйлдэл гүйцэтгэдэг, бүхэл тооны квадрат зэргийн утга болон квадрат язгуур нь бүхэл тоо байх тоог олдог, тэмдэглэдэг болно."
L5,"Бодлого дасгал (Бүхэл тооны үржих, хуваах үйлдэл)","Тоон олонлог, зэрэг, язгуур",CZ-6.1а,"6.1а. Эерэг, сөрөг тоог ахуй амьдралд хэрэглэх, тоон шулуун хэрэглэн бүхэл тоонуудыг жиших, нэмэх, хасах, хялбар бүхэл тоонуудыг үржүүлэх, хуваах","1. Сурагч эерэг, сөрөг тооны ахуй амьдрал дахь хэрэглээг ойлгодог, хялбар бүхэл тоог жишиж, дөрвөн үйлдэл гүйцэтгэдэг, бүхэл тооны квадрат зэргийн утга болон квадрат язгуур нь бүхэл тоо байх тоог олдог, тэмдэглэдэг болно."
L6,"Бодлого дасгал (бүхэл тооны нэмэх, хасах,  үржих, хуваах үйлдлүүд)","Тоон олонлог, зэрэг, язгуур",CZ-6.1а,"6.1а. Эерэг, сөрөг тоог ахуй амьдралд хэрэглэх, тоон шулуун хэрэглэн бүхэл тоонуудыг жиших, нэмэх, хасах, хялбар бүхэл тоонуудыг үржүүлэх, хуваах","1. Сурагч эерэг, сөрөг тооны ахуй амьдрал дахь хэрэглээг ойлгодог, хялбар бүхэл тоог жишиж, дөрвөн үйлдэл гүйцэтгэдэг, бүхэл тооны квадрат зэргийн утга болон квадрат язгуур нь бүхэл тоо байх тоог олдог, тэмдэглэдэг болно."
L7,"Бүхэл тооны квадрат зэрэг, квадрат язгуур","Тоон олонлог, зэрэг, язгуур",CZ-6.1в,"6.1в. Бүхэл тооны квадрат зэргийг олох, түүний урвуу үйлдлийг ойлгох, язгуур нь -20-оос +20 хүртэлх бүхэл тоо байх тоог таних, цээжээр олох, тэмдэглэх","1. Сурагч эерэг, сөрөг тооны ахуй амьдрал дахь хэрэглээг ойлгодог, хялбар бүхэл тоог жишиж, дөрвөн үйлдэл гүйцэтгэдэг, бүхэл тооны квадрат зэргийн утга болон квадрат язгуур нь бүхэл тоо байх тоог олдог, тэмдэглэдэг болно."
L8,"бодлого дасгал (квадрат зэрэг, квадрат язгуур)","Тоон олонлог, зэрэг, язгуур",CZ-6.1в,"6.1в. Бүхэл тооны квадрат зэргийг олох, түүний урвуу үйлдлийг ойлгох, язгуур нь -20-оос +20 хүртэлх бүхэл тоо байх тоог таних, цээжээр олох, тэмдэглэх","1. Сурагч эерэг, сөрөг тооны ахуй амьдрал дахь хэрэглээг ойлгодог, хялбар бүхэл тоог жишиж, дөрвөн үйлдэл гүйцэтгэдэг, бүхэл тооны квадрат зэргийн утга болон квадрат язгуур нь бүхэл тоо байх тоог олдог, тэмдэглэдэг болно."
L9,бодлого дасгал (бүхэл тооны үйлдлүүд),"Тоон олонлог, зэрэг, язгуур",CZ-6.1в,"6.1в. Бүхэл тооны квадрат зэргийг олох, түүний урвуу үйлдлийг ойлгох, язгуур нь -20-оос +20 хүртэлх бүхэл тоо байх тоог таних, цээжээр олох, тэмдэглэх","1. Сурагч эерэг, сөрөг тооны ахуй амьдрал дахь хэрэглээг ойлгодог, хялбар бүхэл тоог жишиж, дөрвөн үйлдэл гүйцэтгэдэг, бүхэл тооны квадрат зэргийн утга болон квадрат язгуур нь бүхэл тоо байх тоог олдог, тэмдэглэдэг болно."
L10,"ҮНЭЛГЭЭ-Бүхэл тооны дөрвөн үйлдэл, квадрат зэрэг, квадрат язгуур","Тоон олонлог, зэрэг, язгуур",CZ-6.1в,"6.1в. Бүхэл тооны квадрат зэргийг олох, түүний урвуу үйлдлийг ойлгох, язгуур нь -20-оос +20 хүртэлх бүхэл тоо байх тоог таних, цээжээр олох, тэмдэглэх","1. Сурагч эерэг, сөрөг тооны ахуй амьдрал дахь хэрэглээг ойлгодог, хялбар бүхэл тоог жишиж, дөрвөн үйлдэл гүйцэтгэдэг, бүхэл тооны квадрат зэргийн утга болон квадрат язгуур нь бүхэл тоо байх тоог олдог, тэмдэглэдэг болно."
L11,Тооны хуваагдах шинжүүд,"Тоон олонлог, зэрэг, язгуур",CZ-6.1б,"6.1б. Тооны хуваагдах шинжийг хэрэглэн өгсөн тоо 2, 3, 4, 5,6, 8, 9, 10, 100-д хуваагдах эсэхийг тогтоох, ерөнхий хуваагч, ерөнхий хуваагдагч, анхны ба зохиомол тоог таних, нэг ба хоёр оронтой тоонуудын ХИЕХ, ХБЕХ-ийг олох, хэрэглэх ","2. Сурагч анхны ба зохиомол тоог таньдаг, нэг ба хоёр оронтой тоонуудын ХИЕХ, ХБЕХ-ийг олж хэрэглэдэг, хэллэг, олонлогийн талаар ойлголттой болж, тоон олонлогийн нэгдэл, огтлолцлыг дүрсэлдэг, тэмдэглэдэг болно."
L12,Тооны хуваагдах шинжийг хэрэглэх,"Тоон олонлог, зэрэг, язгуур",CZ-6.1б,"6.1б. Тооны хуваагдах шинжийг хэрэглэн өгсөн тоо 2, 3, 4, 5,6, 8, 9, 10, 100-д хуваагдах эсэхийг тогтоох, ерөнхий хуваагч, ерөнхий хуваагдагч, анхны ба зохиомол тоог таних, нэг ба хоёр оронтой тоонуудын ХИЕХ, ХБЕХ-ийг олох, хэрэглэх ","2. Сурагч анхны ба зохиомол тоог таньдаг, нэг ба хоёр оронтой тоонуудын ХИЕХ, ХБЕХ-ийг олж хэрэглэдэг, хэллэг, олонлогийн талаар ойлголттой болж, тоон олонлогийн нэгдэл, огтлолцлыг дүрсэлдэг, тэмдэглэдэг болно."
L13,Анхны тоо ба зохиомол тоо,"Тоон олонлог, зэрэг, язгуур",CZ-6.1б,"6.1б. Тооны хуваагдах шинжийг хэрэглэн өгсөн тоо 2, 3, 4, 5,6, 8, 9, 10, 100-д хуваагдах эсэхийг тогтоох, ерөнхий хуваагч, ерөнхий хуваагдагч, анхны ба зохиомол тоог таних, нэг ба хоёр оронтой тоонуудын ХИЕХ, ХБЕХ-ийг олох, хэрэглэх ","2. Сурагч анхны ба зохиомол тоог таньдаг, нэг ба хоёр оронтой тоонуудын ХИЕХ, ХБЕХ-ийг олж хэрэглэдэг, хэллэг, олонлогийн талаар ойлголттой болж, тоон олонлогийн нэгдэл, огтлолцлыг дүрсэлдэг, тэмдэглэдэг болно."
L14,Бодлого дасгал (Тооны хуваагдах шинж),"Тоон олонлог, зэрэг, язгуур",CZ-6.1б,"6.1б. Тооны хуваагдах шинжийг хэрэглэн өгсөн тоо 2, 3, 4, 5,6, 8, 9, 10, 100-д хуваагдах эсэхийг тогтоох, ерөнхий хуваагч, ерөнхий хуваагдагч, анхны ба зохиомол тоог таних, нэг ба хоёр оронтой тоонуудын ХИЕХ, ХБЕХ-ийг олох, хэрэглэх ","2. Сурагч анхны ба зохиомол тоог таньдаг, нэг ба хоёр оронтой тоонуудын ХИЕХ, ХБЕХ-ийг олж хэрэглэдэг, хэллэг, олонлогийн талаар ойлголттой болж, тоон олонлогийн нэгдэл, огтлолцлыг дүрсэлдэг, тэмдэглэдэг болно."
L15,Ерөнхий хуваагч ба ХИЕХ,"Тоон олонлог, зэрэг, язгуур",CZ-6.1б,"6.1б. Тооны хуваагдах шинжийг хэрэглэн өгсөн тоо 2, 3, 4, 5,6, 8, 9, 10, 100-д хуваагдах эсэхийг тогтоох, ерөнхий хуваагч, ерөнхий хуваагдагч, анхны ба зохиомол тоог таних, нэг ба хоёр оронтой тоонуудын ХИЕХ, ХБЕХ-ийг олох, хэрэглэх ","2. Сурагч анхны ба зохиомол тоог таньдаг, нэг ба хоёр оронтой тоонуудын ХИЕХ, ХБЕХ-ийг олж хэрэглэдэг, хэллэг, олонлогийн талаар ойлголттой болж, тоон олонлогийн нэгдэл, огтлолцлыг дүрсэлдэг, тэмдэглэдэг болно."
L16,Харилцан анхны тоонууд (ХИЕХ ашиглан асуудал шийдвэрлэх),"Тоон олонлог, зэрэг, язгуур",CZ-6.1б,"6.1б. Тооны хуваагдах шинжийг хэрэглэн өгсөн тоо 2, 3, 4, 5,6, 8, 9, 10, 100-д хуваагдах эсэхийг тогтоох, ерөнхий хуваагч, ерөнхий хуваагдагч, анхны ба зохиомол тоог таних, нэг ба хоёр оронтой тоонуудын ХИЕХ, ХБЕХ-ийг олох, хэрэглэх ","2. Сурагч анхны ба зохиомол тоог таньдаг, нэг ба хоёр оронтой тоонуудын ХИЕХ, ХБЕХ-ийг олж хэрэглэдэг, хэллэг, олонлогийн талаар ойлголттой болж, тоон олонлогийн нэгдэл, огтлолцлыг дүрсэлдэг, тэмдэглэдэг болно."
L17,Ерөнхий хуваагдагч ба ХБЕХ,"Тоон олонлог, зэрэг, язгуур",CZ-6.1б,"6.1б. Тооны хуваагдах шинжийг хэрэглэн өгсөн тоо 2, 3, 4, 5,6, 8, 9, 10, 100-д хуваагдах эсэхийг тогтоох, ерөнхий хуваагч, ерөнхий хуваагдагч, анхны ба зохиомол тоог таних, нэг ба хоёр оронтой тоонуудын ХИЕХ, ХБЕХ-ийг олох, хэрэглэх ","2. Сурагч анхны ба зохиомол тоог таньдаг, нэг ба хоёр оронтой тоонуудын ХИЕХ, ХБЕХ-ийг олж хэрэглэдэг, хэллэг, олонлогийн талаар ойлголттой болж, тоон олонлогийн нэгдэл, огтлолцлыг дүрсэлдэг, тэмдэглэдэг болно."
L18,Бодлого дасгал (ХБЕХ ашиглан асуудал шийдвэрлэх),"Тоон олонлог, зэрэг, язгуур",CZ-6.1б,"6.1б. Тооны хуваагдах шинжийг хэрэглэн өгсөн тоо 2, 3, 4, 5,6, 8, 9, 10, 100-д хуваагдах эсэхийг тогтоох, ерөнхий хуваагч, ерөнхий хуваагдагч, анхны ба зохиомол тоог таних, нэг ба хоёр оронтой тоонуудын ХИЕХ, ХБЕХ-ийг олох, хэрэглэх ","2. Сурагч анхны ба зохиомол тоог таньдаг, нэг ба хоёр оронтой тоонуудын ХИЕХ, ХБЕХ-ийг олж хэрэглэдэг, хэллэг, олонлогийн талаар ойлголттой болж, тоон олонлогийн нэгдэл, огтлолцлыг дүрсэлдэг, тэмдэглэдэг болно."
L19,Хэллэг,"Тоон олонлог, зэрэг, язгуур",CZ-6.1г,"6.1г. Хэллэг, олонлогийн талаар анхны ойлголттой болох, тоон олонлогийн нэгдэл, огтлолцлыг олох, дүрслэх, тэмдэглэгээг хэрэглэх","2. Сурагч анхны ба зохиомол тоог таньдаг, нэг ба хоёр оронтой тоонуудын ХИЕХ, ХБЕХ-ийг олж хэрэглэдэг, хэллэг, олонлогийн талаар ойлголттой болж, тоон олонлогийн нэгдэл, огтлолцлыг дүрсэлдэг, тэмдэглэдэг болно."
L20,Олонлог,"Тоон олонлог, зэрэг, язгуур",CZ-6.1г,"6.1г. Хэллэг, олонлогийн талаар анхны ойлголттой болох, тоон олонлогийн нэгдэл, огтлолцлыг олох, дүрслэх, тэмдэглэгээг хэрэглэх","2. Сурагч анхны ба зохиомол тоог таньдаг, нэг ба хоёр оронтой тоонуудын ХИЕХ, ХБЕХ-ийг олж хэрэглэдэг, хэллэг, олонлогийн талаар ойлголттой болж, тоон олонлогийн нэгдэл, огтлолцлыг дүрсэлдэг, тэмдэглэдэг болно."
L21,"Бодлого дасгал (Олонлог, хэллэг)","Тоон олонлог, зэрэг, язгуур",CZ-6.1г,"6.1г. Хэллэг, олонлогийн талаар анхны ойлголттой болох, тоон олонлогийн нэгдэл, огтлолцлыг олох, дүрслэх, тэмдэглэгээг хэрэглэх","2. Сурагч анхны ба зохиомол тоог таньдаг, нэг ба хоёр оронтой тоонуудын ХИЕХ, ХБЕХ-ийг олж хэрэглэдэг, хэллэг, олонлогийн талаар ойлголттой болж, тоон олонлогийн нэгдэл, огтлолцлыг дүрсэлдэг, тэмдэглэдэг болно."
L22,"ҮНЭЛГЭЭ-Тооны хуваагдах шинж, хэллэг, олонлог","Тоон олонлог, зэрэг, язгуур",CZ-6.1г,"6.1г. Хэллэг, олонлогийн талаар анхны ойлголттой болох, тоон олонлогийн нэгдэл, огтлолцлыг олох, дүрслэх, тэмдэглэгээг хэрэглэх","2. Сурагч анхны ба зохиомол тоог таньдаг, нэг ба хоёр оронтой тоонуудын ХИЕХ, ХБЕХ-ийг олж хэрэглэдэг, хэллэг, олонлогийн талаар ойлголттой болж, тоон олонлогийн нэгдэл, огтлолцлыг дүрсэлдэг, тэмдэглэдэг болно."
L23,Аравтын бутархай,"Энгийн ба аравтын бутархай, тоог жиших, тоймлох",CZ-6.1г,"6.1г. Хэллэг, олонлогийн талаар анхны ойлголттой болох, тоон олонлогийн нэгдэл, огтлолцлыг олох, дүрслэх, тэмдэглэгээг хэрэглэх","3. Сурагч аравтын бутархайг уншиж, бичдэг, 0.1, 0.01, 0.001- ээр үржүүлж, хуваадаг, аравтын бутархайг жишиж, эрэмбэлдэг, өгсөн нарийвчлалтай тоймлодог, хэрэглэдэг болно."
L24,"Тоог 0.1, 0.01, 0.001-ээр үржүүлэх, хуваах үйлдэл","Энгийн ба аравтын бутархай, тоог жиших, тоймлох",CZ-6.1г,"6.1г. Хэллэг, олонлогийн талаар анхны ойлголттой болох, тоон олонлогийн нэгдэл, огтлолцлыг олох, дүрслэх, тэмдэглэгээг хэрэглэх","3. Сурагч аравтын бутархайг уншиж, бичдэг, 0.1, 0.01, 0.001- ээр үржүүлж, хуваадаг, аравтын бутархайг жишиж, эрэмбэлдэг, өгсөн нарийвчлалтай тоймлодог, хэрэглэдэг болно."
L25,Аравтын бутархайг жиших ,"Энгийн ба аравтын бутархай, тоог жиших, тоймлох",CZ-6.1г,"6.1г. Хэллэг, олонлогийн талаар анхны ойлголттой болох, тоон олонлогийн нэгдэл, огтлолцлыг олох, дүрслэх, тэмдэглэгээг хэрэглэх","3. Сурагч аравтын бутархайг уншиж, бичдэг, 0.1, 0.01, 0.001- ээр үржүүлж, хуваадаг, аравтын бутархайг жишиж, эрэмбэлдэг, өгсөн нарийвчлалтай тоймлодог, хэрэглэдэг болно."
L26,"Бодлого дасгал (Аравтын бутархайг жиших, тоймлох)","Энгийн ба аравтын бутархай, тоог жиших, тоймлох",CZ-6.2б,"6.2б. Урт, хүнд, хугацааны хэмжээг ижил нэгжид шилжүүлэх замаар аравтын бутархайг жиших, эрэмбэлэх 6.2в. Олон оронтой тоог тоймлох, аравтын бутархайг (бүхлээр болон аравны, зууны, мянганы хэсгээр) тоймлох, хэрэглэх","3. Сурагч аравтын бутархайг уншиж, бичдэг, 0.1, 0.01, 0.001- ээр үржүүлж, хуваадаг, аравтын бутархайг жишиж, эрэмбэлдэг, өгсөн нарийвчлалтай тоймлодог, хэрэглэдэг болно."
L27,Бүхэл тоог тоймлох ,"Энгийн ба аравтын бутархай, тоог жиших, тоймлох",CZ-6.2б,"6.2б. Урт, хүнд, хугацааны хэмжээг ижил нэгжид шилжүүлэх замаар аравтын бутархайг жиших, эрэмбэлэх 6.2в. Олон оронтой тоог тоймлох, аравтын бутархайг (бүхлээр болон аравны, зууны, мянганы хэсгээр) тоймлох, хэрэглэх","3. Сурагч аравтын бутархайг уншиж, бичдэг, 0.1, 0.01, 0.001- ээр үржүүлж, хуваадаг, аравтын бутархайг жишиж, эрэмбэлдэг, өгсөн нарийвчлалтай тоймлодог, хэрэглэдэг болно."
L28,Аравтын бутархайг тоймлох,"Энгийн ба аравтын бутархай, тоог жиших, тоймлох",CZ-6.2б,"6.2б. Урт, хүнд, хугацааны хэмжээг ижил нэгжид шилжүүлэх замаар аравтын бутархайг жиших, эрэмбэлэх 6.2в. Олон оронтой тоог тоймлох, аравтын бутархайг (бүхлээр болон аравны, зууны, мянганы хэсгээр) тоймлох, хэрэглэх","3. Сурагч аравтын бутархайг уншиж, бичдэг, 0.1, 0.01, 0.001- ээр үржүүлж, хуваадаг, аравтын бутархайг жишиж, эрэмбэлдэг, өгсөн нарийвчлалтай тоймлодог, хэрэглэдэг болно."
L29,Тоог тоймлох,"Энгийн ба аравтын бутархай, тоог жиших, тоймлох",CZ-6.2б,"6.2б. Урт, хүнд, хугацааны хэмжээг ижил нэгжид шилжүүлэх замаар аравтын бутархайг жиших, эрэмбэлэх 6.2в. Олон оронтой тоог тоймлох, аравтын бутархайг (бүхлээр болон аравны, зууны, мянганы хэсгээр) тоймлох, хэрэглэх","3. Сурагч аравтын бутархайг уншиж, бичдэг, 0.1, 0.01, 0.001- ээр үржүүлж, хуваадаг, аравтын бутархайг жишиж, эрэмбэлдэг, өгсөн нарийвчлалтай тоймлодог, хэрэглэдэг болно."
L30,"ҮНЭЛГЭЭ-Аравтын бутархайг жиших, тоймлох","Энгийн ба аравтын бутархай, тоог жиших, тоймлох",CZ-6.2б,"6.2б. Урт, хүнд, хугацааны хэмжээг ижил нэгжид шилжүүлэх замаар аравтын бутархайг жиших, эрэмбэлэх 6.2в. Олон оронтой тоог тоймлох, аравтын бутархайг (бүхлээр болон аравны, зууны, мянганы хэсгээр) тоймлох, хэрэглэх","3. Сурагч аравтын бутархайг уншиж, бичдэг, 0.1, 0.01, 0.001- ээр үржүүлж, хуваадаг, аравтын бутархайг жишиж, эрэмбэлдэг, өгсөн нарийвчлалтай тоймлодог, хэрэглэдэг болно."
L31,"Аравтын бутархайн нэмэх, хасах үйлдэл","Энгийн ба аравтын бутархай, тоог жиших, тоймлох",CZ-6.2б,"6.2б. Урт, хүнд, хугацааны хэмжээг ижил нэгжид шилжүүлэх замаар аравтын бутархайг жиших, эрэмбэлэх 6.2в. Олон оронтой тоог тоймлох, аравтын бутархайг (бүхлээр болон аравны, зууны, мянганы хэсгээр) тоймлох, хэрэглэх","3. Сурагч аравтын бутархайг уншиж, бичдэг, 0.1, 0.01, 0.001- ээр үржүүлж, хуваадаг, аравтын бутархайг жишиж, эрэмбэлдэг, өгсөн нарийвчлалтай тоймлодог, хэрэглэдэг болно."
L32,"Аравтын бутархайн нэмэх, хасах үйлдэл оролцсон илэрхийлэл","Энгийн ба аравтын бутархай, тоог жиших, тоймлох",CZ-6.3а,"6.3а. Бүхэл ба бутархай хэсгийн орны тоо нь ялгаатай байх аравтын бутархайнуудыг нэмэх, хасах,","4. Сурагч аравтын бутархайн дөрвөн үйлдэл гүйцэтгэдэг, аравтын бутархай оролцсон тоон илэрхийллийн утгыг үйлдлийн дараалал, үйлдлийн чанар ашиглан хялбар аргаар тооцоолдог болно."
L33,"Аравтын бутархайг бүхэл тоогоор үржүүлэх, хуваах үйлдэл","Энгийн ба аравтын бутархай, тоог жиших, тоймлох",CZ-6.3б,"6.3б. Аравтын бутархайг нэг ба хоёр оронтой бүхэл тоогоор болон аравтын бутархайгаар үржүүлэх, хуваах 6.3в. Аравтын бутархай оролцсон илэрхийлэлд үйлдлийн дарааллын дүрэм, үйлдлийн чанарыг хэрэглэх, үйлдлийн дүнг урвуу үйлдлээр шалгах, хялбар аргаар тооцоолох","4. Сурагч аравтын бутархайн дөрвөн үйлдэл гүйцэтгэдэг, аравтын бутархай оролцсон тоон илэрхийллийн утгыг үйлдлийн дараалал, үйлдлийн чанар ашиглан хялбар аргаар тооцоолдог болно."
L34,"Аравтын бутархайг аравтын бутархайгаар үржүүлэх, хуваах үйлдэл","Энгийн ба аравтын бутархай, тоог жиших, тоймлох",CZ-6.3б,"6.3б. Аравтын бутархайг нэг ба хоёр оронтой бүхэл тоогоор болон аравтын бутархайгаар үржүүлэх, хуваах 6.3в. Аравтын бутархай оролцсон илэрхийлэлд үйлдлийн дарааллын дүрэм, үйлдлийн чанарыг хэрэглэх, үйлдлийн дүнг урвуу үйлдлээр шалгах, хялбар аргаар тооцоолох","4. Сурагч аравтын бутархайн дөрвөн үйлдэл гүйцэтгэдэг, аравтын бутархай оролцсон тоон илэрхийллийн утгыг үйлдлийн дараалал, үйлдлийн чанар ашиглан хялбар аргаар тооцоолдог болно."
L35,"Бодлого дасгал (аравтын бутархайн үржих, хуваах үйлдэл)","Энгийн ба аравтын бутархай, тоог жиших, тоймлох",CZ-6.3б,"6.3б. Аравтын бутархайг нэг ба хоёр оронтой бүхэл тоогоор болон аравтын бутархайгаар үржүүлэх, хуваах 6.3в. Аравтын бутархай оролцсон илэрхийлэлд үйлдлийн дарааллын дүрэм, үйлдлийн чанарыг хэрэглэх, үйлдлийн дүнг урвуу үйлдлээр шалгах, хялбар аргаар тооцоолох","4. Сурагч аравтын бутархайн дөрвөн үйлдэл гүйцэтгэдэг, аравтын бутархай оролцсон тоон илэрхийллийн утгыг үйлдлийн дараалал, үйлдлийн чанар ашиглан хялбар аргаар тооцоолдог болно."
L36,Аравтын бутархайн үйлдэл ашиглан асуудал шийдвэрлэх,"Энгийн ба аравтын бутархай, тоог жиших, тоймлох",CZ-6.3б,"6.3б. Аравтын бутархайг нэг ба хоёр оронтой бүхэл тоогоор болон аравтын бутархайгаар үржүүлэх, хуваах 6.3в. Аравтын бутархай оролцсон илэрхийлэлд үйлдлийн дарааллын дүрэм, үйлдлийн чанарыг хэрэглэх, үйлдлийн дүнг урвуу үйлдлээр шалгах, хялбар аргаар тооцоолох","4. Сурагч аравтын бутархайн дөрвөн үйлдэл гүйцэтгэдэг, аравтын бутархай оролцсон тоон илэрхийллийн утгыг үйлдлийн дараалал, үйлдлийн чанар ашиглан хялбар аргаар тооцоолдог болно."
L37,Илэрхийллийн утгыг олох,"Энгийн ба аравтын бутархай, тоог жиших, тоймлох",CZ-6.3б,"6.3б. Аравтын бутархайг нэг ба хоёр оронтой бүхэл тоогоор болон аравтын бутархайгаар үржүүлэх, хуваах 6.3в. Аравтын бутархай оролцсон илэрхийлэлд үйлдлийн дарааллын дүрэм, үйлдлийн чанарыг хэрэглэх, үйлдлийн дүнг урвуу үйлдлээр шалгах, хялбар аргаар тооцоолох","4. Сурагч аравтын бутархайн дөрвөн үйлдэл гүйцэтгэдэг, аравтын бутархай оролцсон тоон илэрхийллийн утгыг үйлдлийн дараалал, үйлдлийн чанар ашиглан хялбар аргаар тооцоолдог болно."
L38, Илэрхийллийн утгыг олох хялбар аргууд,"Энгийн ба аравтын бутархай, тоог жиших, тоймлох",CZ-6.3б,"6.3б. Аравтын бутархайг нэг ба хоёр оронтой бүхэл тоогоор болон аравтын бутархайгаар үржүүлэх, хуваах 6.3в. Аравтын бутархай оролцсон илэрхийлэлд үйлдлийн дарааллын дүрэм, үйлдлийн чанарыг хэрэглэх, үйлдлийн дүнг урвуу үйлдлээр шалгах, хялбар аргаар тооцоолох","4. Сурагч аравтын бутархайн дөрвөн үйлдэл гүйцэтгэдэг, аравтын бутархай оролцсон тоон илэрхийллийн утгыг үйлдлийн дараалал, үйлдлийн чанар ашиглан хялбар аргаар тооцоолдог болно."
L39,ҮНЭЛГЭЭ-Аравтын бутархайн 4 үйлдэл,"Энгийн ба аравтын бутархай, тоог жиших, тоймлох",CZ-6.3б,"6.3б. Аравтын бутархайг нэг ба хоёр оронтой бүхэл тоогоор болон аравтын бутархайгаар үржүүлэх, хуваах 6.3в. Аравтын бутархай оролцсон илэрхийлэлд үйлдлийн дарааллын дүрэм, үйлдлийн чанарыг хэрэглэх, үйлдлийн дүнг урвуу үйлдлээр шалгах, хялбар аргаар тооцоолох","4. Сурагч аравтын бутархайн дөрвөн үйлдэл гүйцэтгэдэг, аравтын бутархай оролцсон тоон илэрхийллийн утгыг үйлдлийн дараалал, үйлдлийн чанар ашиглан хялбар аргаар тооцоолдог болно."
L40,Энгийн бутархайн хэлбэрүүд,"Энгийн ба аравтын бутархай, тоог жиших, тоймлох",CZ-6.3г,"6.3г. Энгийн бутархайн үндсэн чанарыг хэрэглэн бутархайг хураах, тэнцүү бутархайнуудыг таних, засагдах бутархайг холимог бутархай, холимог бутархайг засагдах бутархай болгох 6.3д. Энгийн бутархайнуудыг ижил хуваарьтай болгох эсвэл тоон шулуун дээр тэмдэглэх замаар жиших, эрэмбэлэх","5. Сурагч энгийн бутархайг хурааж, тэнцүү бутархай үүсгэдэг, засагдах болон холимог хэлбэрийн бутархайг харилцан шилжүүлдэг, энгийн бутархайг жишдэг, эрэмбэлдэг болно."
L41,Энгийн бутархайг хураах үйлдэл,"Энгийн ба аравтын бутархай, тоог жиших, тоймлох",CZ-6.3г,"6.3г. Энгийн бутархайн үндсэн чанарыг хэрэглэн бутархайг хураах, тэнцүү бутархайнуудыг таних, засагдах бутархайг холимог бутархай, холимог бутархайг засагдах бутархай болгох 6.3д. Энгийн бутархайнуудыг ижил хуваарьтай болгох эсвэл тоон шулуун дээр тэмдэглэх замаар жиших, эрэмбэлэх","5. Сурагч энгийн бутархайг хурааж, тэнцүү бутархай үүсгэдэг, засагдах болон холимог хэлбэрийн бутархайг харилцан шилжүүлдэг, энгийн бутархайг жишдэг, эрэмбэлдэг болно."
L42,"Энгийн бутархайг тоон шулуун дээр байршуулах аргаар жиших, эрэмбэлэх","Энгийн ба аравтын бутархай, тоог жиших, тоймлох",CZ-6.3г,"6.3г. Энгийн бутархайн үндсэн чанарыг хэрэглэн бутархайг хураах, тэнцүү бутархайнуудыг таних, засагдах бутархайг холимог бутархай, холимог бутархайг засагдах бутархай болгох 6.3д. Энгийн бутархайнуудыг ижил хуваарьтай болгох эсвэл тоон шулуун дээр тэмдэглэх замаар жиших, эрэмбэлэх","5. Сурагч энгийн бутархайг хурааж, тэнцүү бутархай үүсгэдэг, засагдах болон холимог хэлбэрийн бутархайг харилцан шилжүүлдэг, энгийн бутархайг жишдэг, эрэмбэлдэг болно."
L43,"Энгийн бутархайг ижил хуваарьтай болгох аргаар жиших, эрэмбэлэх","Энгийн ба аравтын бутархай, тоог жиших, тоймлох",CZ-6.3г,"6.3г. Энгийн бутархайн үндсэн чанарыг хэрэглэн бутархайг хураах, тэнцүү бутархайнуудыг таних, засагдах бутархайг холимог бутархай, холимог бутархайг засагдах бутархай болгох 6.3д. Энгийн бутархайнуудыг ижил хуваарьтай болгох эсвэл тоон шулуун дээр тэмдэглэх замаар жиших, эрэмбэлэх","5. Сурагч энгийн бутархайг хурааж, тэнцүү бутархай үүсгэдэг, засагдах болон холимог хэлбэрийн бутархайг харилцан шилжүүлдэг, энгийн бутархайг жишдэг, эрэмбэлдэг болно."
L44,"Бутархайг жиших, эрэмбэлэх аргууд","Энгийн ба аравтын бутархай, тоог жиших, тоймлох",CZ-6.3г,"6.3г. Энгийн бутархайн үндсэн чанарыг хэрэглэн бутархайг хураах, тэнцүү бутархайнуудыг таних, засагдах бутархайг холимог бутархай, холимог бутархайг засагдах бутархай болгох 6.3д. Энгийн бутархайнуудыг ижил хуваарьтай болгох эсвэл тоон шулуун дээр тэмдэглэх замаар жиших, эрэмбэлэх","5. Сурагч энгийн бутархайг хурааж, тэнцүү бутархай үүсгэдэг, засагдах болон холимог хэлбэрийн бутархайг харилцан шилжүүлдэг, энгийн бутархайг жишдэг, эрэмбэлдэг болно."
L45,"ҮНЭЛГЭЭ-Энгийн бутархайг хураах, жиших","Энгийн ба аравтын бутархай, тоог жиших, тоймлох",CZ-6.3г,"6.3г. Энгийн бутархайн үндсэн чанарыг хэрэглэн бутархайг хураах, тэнцүү бутархайнуудыг таних, засагдах бутархайг холимог бутархай, холимог бутархайг засагдах бутархай болгох 6.3д. Энгийн бутархайнуудыг ижил хуваарьтай болгох эсвэл тоон шулуун дээр тэмдэглэх замаар жиших, эрэмбэлэх","5. Сурагч энгийн бутархайг хурааж, тэнцүү бутархай үүсгэдэг, засагдах болон холимог хэлбэрийн бутархайг харилцан шилжүүлдэг, энгийн бутархайг жишдэг, эрэмбэлдэг болно."
L46,"Ижил биш хуваарьтай энгийн бутархайнуудыг нэмэх, хасах үйлдэл","Энгийн ба аравтын бутархай, тоог жиших, тоймлох",CZ-6.3е,"6.3е. Ижил биш хуваарьтай энгийн бутархайнуудыг нэмэх, хасах","6. Сурагч энгийн бутархайн нэмэх, хасах, үржүүлэх үйлдэл гүйцэтгэдэг, энгийн бутархайг бүхэл тоонд, бүхэл тоог энгийн бутархайд хуваах үйлдэл гүйцэтгэдэг болно."
L47,"Холимог бутархайнуудыг нэмэх, хасах үйлдэл","Энгийн ба аравтын бутархай, тоог жиших, тоймлох",CZ-6.3е,"6.3е. Ижил биш хуваарьтай энгийн бутархайнуудыг нэмэх, хасах","6. Сурагч энгийн бутархайн нэмэх, хасах, үржүүлэх үйлдэл гүйцэтгэдэг, энгийн бутархайг бүхэл тоонд, бүхэл тоог энгийн бутархайд хуваах үйлдэл гүйцэтгэдэг болно."
L48,"Бодлого дасгал (Энгийн бутархайн нэмэх, хасах үйлдэл)","Энгийн ба аравтын бутархай, тоог жиших, тоймлох",CZ-6.3е,"6.3е. Ижил биш хуваарьтай энгийн бутархайнуудыг нэмэх, хасах","6. Сурагч энгийн бутархайн нэмэх, хасах, үржүүлэх үйлдэл гүйцэтгэдэг, энгийн бутархайг бүхэл тоонд, бүхэл тоог энгийн бутархайд хуваах үйлдэл гүйцэтгэдэг болно."
L49,Энгийн бутархайн үржүүлэх үйлдэл,"Энгийн ба аравтын бутархай, тоог жиших, тоймлох",CZ-6.3ж,"6.3ж. Энгийн бутархайг үржүүлэх, өгсөн тооны тодорхой хэсэгт ногдох тоог олох, энгийн бутархайг бүхэл тоонд хуваах, бүхэл тоог энгийн бутархайд хуваах","6. Сурагч энгийн бутархайн нэмэх, хасах, үржүүлэх үйлдэл гүйцэтгэдэг, энгийн бутархайг бүхэл тоонд, бүхэл тоог энгийн бутархайд хуваах үйлдэл гүйцэтгэдэг болно."
L50,Энгийн бутархайн хуваах үйлдэл,"Энгийн ба аравтын бутархай, тоог жиших, тоймлох",CZ-6.3ж,"6.3ж. Энгийн бутархайг үржүүлэх, өгсөн тооны тодорхой хэсэгт ногдох тоог олох, энгийн бутархайг бүхэл тоонд хуваах, бүхэл тоог энгийн бутархайд хуваах","6. Сурагч энгийн бутархайн нэмэх, хасах, үржүүлэх үйлдэл гүйцэтгэдэг, энгийн бутархайг бүхэл тоонд, бүхэл тоог энгийн бутархайд хуваах үйлдэл гүйцэтгэдэг болно."
L51,"Бодлого дасгал (энгийн бутархайн үржих, хуваах үйлдэл)","Энгийн ба аравтын бутархай, тоог жиших, тоймлох",CZ-6.3ж,"6.3ж. Энгийн бутархайг үржүүлэх, өгсөн тооны тодорхой хэсэгт ногдох тоог олох, энгийн бутархайг бүхэл тоонд хуваах, бүхэл тоог энгийн бутархайд хуваах","6. Сурагч энгийн бутархайн нэмэх, хасах, үржүүлэх үйлдэл гүйцэтгэдэг, энгийн бутархайг бүхэл тоонд, бүхэл тоог энгийн бутархайд хуваах үйлдэл гүйцэтгэдэг болно."
L52,Хэсгийн бодлого,"Энгийн ба аравтын бутархай, тоог жиших, тоймлох",CZ-6.3ж,"6.3ж. Энгийн бутархайг үржүүлэх, өгсөн тооны тодорхой хэсэгт ногдох тоог олох, энгийн бутархайг бүхэл тоонд хуваах, бүхэл тоог энгийн бутархайд хуваах","6. Сурагч энгийн бутархайн нэмэх, хасах, үржүүлэх үйлдэл гүйцэтгэдэг, энгийн бутархайг бүхэл тоонд, бүхэл тоог энгийн бутархайд хуваах үйлдэл гүйцэтгэдэг болно."
L53,Бодлого дасгал (энгийн бутархайн дөрвөн үйлдэл),"Энгийн ба аравтын бутархай, тоог жиших, тоймлох",CZ-6.3ж,"6.3ж. Энгийн бутархайг үржүүлэх, өгсөн тооны тодорхой хэсэгт ногдох тоог олох, энгийн бутархайг бүхэл тоонд хуваах, бүхэл тоог энгийн бутархайд хуваах","6. Сурагч энгийн бутархайн нэмэх, хасах, үржүүлэх үйлдэл гүйцэтгэдэг, энгийн бутархайг бүхэл тоонд, бүхэл тоог энгийн бутархайд хуваах үйлдэл гүйцэтгэдэг болно."
L54,Бодлого дасгал (энгийн бутархайн оролцсон илэрхийлэл),"Энгийн ба аравтын бутархай, тоог жиших, тоймлох",CZ-6.3ж,"6.3ж. Энгийн бутархайг үржүүлэх, өгсөн тооны тодорхой хэсэгт ногдох тоог олох, энгийн бутархайг бүхэл тоонд хуваах, бүхэл тоог энгийн бутархайд хуваах","6. Сурагч энгийн бутархайн нэмэх, хасах, үржүүлэх үйлдэл гүйцэтгэдэг, энгийн бутархайг бүхэл тоонд, бүхэл тоог энгийн бутархайд хуваах үйлдэл гүйцэтгэдэг болно."
L55,"ҮНЭЛГЭЭ-Энгийн бутархайг хураах, жиших","Энгийн ба аравтын бутархай, тоог жиших, тоймлох",CZ-6.3ж,"6.3ж. Энгийн бутархайг үржүүлэх, өгсөн тооны тодорхой хэсэгт ногдох тоог олох, энгийн бутархайг бүхэл тоонд хуваах, бүхэл тоог энгийн бутархайд хуваах","6. Сурагч энгийн бутархайн нэмэх, хасах, үржүүлэх үйлдэл гүйцэтгэдэг, энгийн бутархайг бүхэл тоонд, бүхэл тоог энгийн бутархайд хуваах үйлдэл гүйцэтгэдэг болно."
L56,Төгсгөлөг аравтын бутархайг энгийн бутархайгаар илэрхийлэх,"Энгийн ба аравтын бутархай, тоог жиших, тоймлох",CZ-6.3ж,"6.3ж. Энгийн бутархайг үржүүлэх, өгсөн тооны тодорхой хэсэгт ногдох тоог олох, энгийн бутархайг бүхэл тоонд хуваах, бүхэл тоог энгийн бутархайд хуваах","6. Сурагч энгийн бутархайн нэмэх, хасах, үржүүлэх үйлдэл гүйцэтгэдэг, энгийн бутархайг бүхэл тоонд, бүхэл тоог энгийн бутархайд хуваах үйлдэл гүйцэтгэдэг болно."
L57,Энгийн бутархайг аравтын бутархайд шилжүүлэх,"Энгийн ба аравтын бутархай, тоог жиших, тоймлох",CZ-6.3ж,"6.3ж. Энгийн бутархайг үржүүлэх, өгсөн тооны тодорхой хэсэгт ногдох тоог олох, энгийн бутархайг бүхэл тоонд хуваах, бүхэл тоог энгийн бутархайд хуваах","6. Сурагч энгийн бутархайн нэмэх, хасах, үржүүлэх үйлдэл гүйцэтгэдэг, энгийн бутархайг бүхэл тоонд, бүхэл тоог энгийн бутархайд хуваах үйлдэл гүйцэтгэдэг болно."
L58,Бодлого дасгал (Энгийн ба аравтын бутархайг харилцан шилжүүлэх),"Энгийн ба аравтын бутархай, тоог жиших, тоймлох",CZ-6.3з,"6.3з. Төгсгөлөг аравтын бутархайг энгийн бутархайгаар илэрхийлэх, хуваах үйлдэл ашиглан энгийн бутархайг аравтын бутархайгаар илэрхийлэх","7. Сурагч дүрс, тоо хэмжээний хэсгийг энгийн ба аравтын бутархайгаар илэрхийлдэг, эдгээрийг харилцан шилжүүлдэг болно."
L59,ҮНЭЛГЭЭ-Энгийн ба аравтын бутархайг харилцан шилжүүлэх,"Энгийн ба аравтын бутархай, тоог жиших, тоймлох",CZ-6.3з,"6.3з. Төгсгөлөг аравтын бутархайг энгийн бутархайгаар илэрхийлэх, хуваах үйлдэл ашиглан энгийн бутархайг аравтын бутархайгаар илэрхийлэх","7. Сурагч дүрс, тоо хэмжээний хэсгийг энгийн ба аравтын бутархайгаар илэрхийлдэг, эдгээрийг харилцан шилжүүлдэг болно."
L60,Процент,"Процент, харьцаа, пропорц",CZ-6.3и,"6.3и. Тоо, хэмжээний зууны нэг хэсэг нь процент гэдгийг хэрэглэн дүрс, тоо, хэмжээний хэсгийг энгийн бутархай, процент, аравтын бутархайгаар илэрхийлэх, эдгээрийг харилцан шилжүүлэх","8. Сурагч дүрс, тоо хэмжээний хэсгийг процентоор илэрхийлдэг, дүрсэлдэг, процентын талаарх ойлголтоо хэрэглэн хялбар асуудал шийдвэрлэдэг болно."
L61,100 - аас их процент,"Процент, харьцаа, пропорц",CZ-6.3и,"6.3и. Тоо, хэмжээний зууны нэг хэсэг нь процент гэдгийг хэрэглэн дүрс, тоо, хэмжээний хэсгийг энгийн бутархай, процент, аравтын бутархайгаар илэрхийлэх, эдгээрийг харилцан шилжүүлэх","8. Сурагч дүрс, тоо хэмжээний хэсгийг процентоор илэрхийлдэг, дүрсэлдэг, процентын талаарх ойлголтоо хэрэглэн хялбар асуудал шийдвэрлэдэг болно."
L62,Процентыг тооцоолох,"Процент, харьцаа, пропорц",CZ-6.3и,"6.3и. Тоо, хэмжээний зууны нэг хэсэг нь процент гэдгийг хэрэглэн дүрс, тоо, хэмжээний хэсгийг энгийн бутархай, процент, аравтын бутархайгаар илэрхийлэх, эдгээрийг харилцан шилжүүлэх","8. Сурагч дүрс, тоо хэмжээний хэсгийг процентоор илэрхийлдэг, дүрсэлдэг, процентын талаарх ойлголтоо хэрэглэн хялбар асуудал шийдвэрлэдэг болно."
L63,Процентын хэрэглээ-Бодлого дасгал,"Процент, харьцаа, пропорц",CZ-6.3и,"6.3и. Тоо, хэмжээний зууны нэг хэсэг нь процент гэдгийг хэрэглэн дүрс, тоо, хэмжээний хэсгийг энгийн бутархай, процент, аравтын бутархайгаар илэрхийлэх, эдгээрийг харилцан шилжүүлэх","8. Сурагч дүрс, тоо хэмжээний хэсгийг процентоор илэрхийлдэг, дүрсэлдэг, процентын талаарх ойлголтоо хэрэглэн хялбар асуудал шийдвэрлэдэг болно."
L64,ҮНЭЛГЭЭ-Процент,"Процент, харьцаа, пропорц",CZ-6.3и,"6.3и. Тоо, хэмжээний зууны нэг хэсэг нь процент гэдгийг хэрэглэн дүрс, тоо, хэмжээний хэсгийг энгийн бутархай, процент, аравтын бутархайгаар илэрхийлэх, эдгээрийг харилцан шилжүүлэх","8. Сурагч дүрс, тоо хэмжээний хэсгийг процентоор илэрхийлдэг, дүрсэлдэг, процентын талаарх ойлголтоо хэрэглэн хялбар асуудал шийдвэрлэдэг болно."
L65,Харьцаа,"Процент, харьцаа, пропорц",CZ-6.3к,"6.3к. Тоо, хэмжээний өгсөн процентод ногдох тоог олох, бага тоог их тооны хэсэг, процентоор илэрхийлэх, асуудал шийдвэрлэх","8. Сурагч дүрс, тоо хэмжээний хэсгийг процентоор илэрхийлдэг, дүрсэлдэг, процентын талаарх ойлголтоо хэрэглэн хялбар асуудал шийдвэрлэдэг болно."
L66,Тоо хэмжээг өгсөн харьцаатай хэсгүүдэд хуваах,"Процент, харьцаа, пропорц",CZ-6.4а,"6.4а. Харьцааг ойлгох, тэмдэглэх, тоо, хэмжээг өгсөн харьцаагаар хоёр ба гурван хэсэгт хуваах, тоо, хэмжээг харьцуулах, жишихэд процентийг хэрэглэх","9. Сурагч тоо, хэмжээг өгсөн харьцаагаар хуваадаг, тоо, хэмжээг харьцуулах, жишихэд процентыг хэрэглэдэг; пропорцын чанар болон шууд пропорционал хамаарлын талаарх ойлголтоо хэрэглэн хялбар асуудал шийдвэрлэдэг болно."
L67,Пропорцын үндсэн чанар,"Процент, харьцаа, пропорц",CZ-6.4б,"6.4б. Пропорцын үндсэн чанар, түүнийг асуудал шийдвэрлэхэд хэрэглэх","9. Сурагч тоо, хэмжээг өгсөн харьцаагаар хуваадаг, тоо, хэмжээг харьцуулах, жишихэд процентыг хэрэглэдэг; пропорцын чанар болон шууд пропорционал хамаарлын талаарх ойлголтоо хэрэглэн хялбар асуудал шийдвэрлэдэг болно."
L68,Пропорцын үндсэн чанарын хэрэглээ,"Процент, харьцаа, пропорц",CZ-6.4б,"6.4б. Пропорцын үндсэн чанар, түүнийг асуудал шийдвэрлэхэд хэрэглэх","9. Сурагч тоо, хэмжээг өгсөн харьцаагаар хуваадаг, тоо, хэмжээг харьцуулах, жишихэд процентыг хэрэглэдэг; пропорцын чанар болон шууд пропорционал хамаарлын талаарх ойлголтоо хэрэглэн хялбар асуудал шийдвэрлэдэг болно."
L69,Шууд пропорционал хамаарал,"Процент, харьцаа, пропорц",CZ-6.4в,"6.4в. Шууд пропорционал хамаарлыг таних, пропорционалийн коэффициентийг олох, хялбар асуудал шийдвэрлэх","9. Сурагч тоо, хэмжээг өгсөн харьцаагаар хуваадаг, тоо, хэмжээг харьцуулах, жишихэд процентыг хэрэглэдэг; пропорцын чанар болон шууд пропорционал хамаарлын талаарх ойлголтоо хэрэглэн хялбар асуудал шийдвэрлэдэг болно."
L70,Пропорционал хамаарлын хэрэглээ,"Процент, харьцаа, пропорц",CZ-6.4в,"6.4в. Шууд пропорционал хамаарлыг таних, пропорционалийн коэффициентийг олох, хялбар асуудал шийдвэрлэх","9. Сурагч тоо, хэмжээг өгсөн харьцаагаар хуваадаг, тоо, хэмжээг харьцуулах, жишихэд процентыг хэрэглэдэг; пропорцын чанар болон шууд пропорционал хамаарлын талаарх ойлголтоо хэрэглэн хялбар асуудал шийдвэрлэдэг болно."
L71,"ҮНЭЛГЭЭ-Харьцаа, пропорц, шууд пропорционал хамаарал","Процент, харьцаа, пропорц",CZ-6.4в,"6.4в. Шууд пропорционал хамаарлыг таних, пропорционалийн коэффициентийг олох, хялбар асуудал шийдвэрлэх","9. Сурагч тоо, хэмжээг өгсөн харьцаагаар хуваадаг, тоо, хэмжээг харьцуулах, жишихэд процентыг хэрэглэдэг; пропорцын чанар болон шууд пропорционал хамаарлын талаарх ойлголтоо хэрэглэн хялбар асуудал шийдвэрлэдэг болно."
L72,Алгебрын шугаман илэрхийлэл,"Алгебрын илэрхийлэл, тэгшитгэл",CZ-6.5а,"6.5а. Хувьсагч эсвэл тодорхойгүй тоог үсэг хэрэглэн бичих, алгебрын шугаман илэрхийлэл зохиох, төсөөтэй гишүүдийг эмхэтгэх","10. Сурагч бүхэл коэффиценттэй алгебрын шугаман илэрхийлэл зохиож, хялбарчилдаг, тоон утгыг олдог, бүхэл тоон коэффиценттэй хялбар шугаман тэгшитгэл зохиож, шийдийг олдог болно."
L73,"Алгебрын шугаман илэрхийллийг хялбарчлах, илэрхийллийн утгыг олох","Алгебрын илэрхийлэл, тэгшитгэл",CZ-6.5а,"6.5а. Хувьсагч эсвэл тодорхойгүй тоог үсэг хэрэглэн бичих, алгебрын шугаман илэрхийлэл зохиох, төсөөтэй гишүүдийг эмхэтгэх","10. Сурагч бүхэл коэффиценттэй алгебрын шугаман илэрхийлэл зохиож, хялбарчилдаг, тоон утгыг олдог, бүхэл тоон коэффиценттэй хялбар шугаман тэгшитгэл зохиож, шийдийг олдог болно."
L74,Гишүүнчлэн үржүүлэх ба хаалтаас ерөнхий үржигдэхүүн гаргах,"Алгебрын илэрхийлэл, тэгшитгэл",CZ-6.5б,"6.5б. Бүхэл тоон коэффициенттэй алгебрын шугаман илэрхийллийг хувиргах, хялбарчлах, хувьсагчийн оронд тоон утга орлуулан илэрхийллийн утгыг олох (хаалт дотор байгаа илэрхийллийг тогтмол тоогоор үржүүлэх, ерөнхий үржигдэхүүнийг хаалтнаас гаргах)","10. Сурагч бүхэл коэффиценттэй алгебрын шугаман илэрхийлэл зохиож, хялбарчилдаг, тоон утгыг олдог, бүхэл тоон коэффиценттэй хялбар шугаман тэгшитгэл зохиож, шийдийг олдог болно."
L75,"Бодлого дасгал (Алгебрын илэрхийллийг хялбарчлах, утгыг нь олох)","Алгебрын илэрхийлэл, тэгшитгэл",CZ-6.5б,"6.5б. Бүхэл тоон коэффициенттэй алгебрын шугаман илэрхийллийг хувиргах, хялбарчлах, хувьсагчийн оронд тоон утга орлуулан илэрхийллийн утгыг олох (хаалт дотор байгаа илэрхийллийг тогтмол тоогоор үржүүлэх, ерөнхий үржигдэхүүнийг хаалтнаас гаргах)","10. Сурагч бүхэл коэффиценттэй алгебрын шугаман илэрхийлэл зохиож, хялбарчилдаг, тоон утгыг олдог, бүхэл тоон коэффиценттэй хялбар шугаман тэгшитгэл зохиож, шийдийг олдог болно."
L76,Алгебрын илэрхийллийн хэрэглээ ,"Алгебрын илэрхийлэл, тэгшитгэл",CZ-6.5б,"6.5б. Бүхэл тоон коэффициенттэй алгебрын шугаман илэрхийллийг хувиргах, хялбарчлах, хувьсагчийн оронд тоон утга орлуулан илэрхийллийн утгыг олох (хаалт дотор байгаа илэрхийллийг тогтмол тоогоор үржүүлэх, ерөнхий үржигдэхүүнийг хаалтнаас гаргах)","10. Сурагч бүхэл коэффиценттэй алгебрын шугаман илэрхийлэл зохиож, хялбарчилдаг, тоон утгыг олдог, бүхэл тоон коэффиценттэй хялбар шугаман тэгшитгэл зохиож, шийдийг олдог болно."
L77,Шугаман тэгшитгэл ,"Алгебрын илэрхийлэл, тэгшитгэл",CZ-6.5в,"6.5в. х - нь тэнцүүгийн тэмдгийн зөвхөн нэг талд нь байх бүхэл тоон коэффициенттэй шугаман тэгшитгэл зохиох, бодох","10. Сурагч бүхэл коэффиценттэй алгебрын шугаман илэрхийлэл зохиож, хялбарчилдаг, тоон утгыг олдог, бүхэл тоон коэффиценттэй хялбар шугаман тэгшитгэл зохиож, шийдийг олдог болно."
L78,Хялбар шугаман тэгшитгэл,"Алгебрын илэрхийлэл, тэгшитгэл",CZ-6.5в,"6.5в. х - нь тэнцүүгийн тэмдгийн зөвхөн нэг талд нь байх бүхэл тоон коэффициенттэй шугаман тэгшитгэл зохиох, бодох","10. Сурагч бүхэл коэффиценттэй алгебрын шугаман илэрхийлэл зохиож, хялбарчилдаг, тоон утгыг олдог, бүхэл тоон коэффиценттэй хялбар шугаман тэгшитгэл зохиож, шийдийг олдог болно."
L79,Бодлого дасгал (Шугаман тэгшитгэл),"Алгебрын илэрхийлэл, тэгшитгэл",CZ-6.5в,"6.5в. х - нь тэнцүүгийн тэмдгийн зөвхөн нэг талд нь байх бүхэл тоон коэффициенттэй шугаман тэгшитгэл зохиох, бодох","10. Сурагч бүхэл коэффиценттэй алгебрын шугаман илэрхийлэл зохиож, хялбарчилдаг, тоон утгыг олдог, бүхэл тоон коэффиценттэй хялбар шугаман тэгшитгэл зохиож, шийдийг олдог болно."
L80,"ҮНЭЛГЭЭ-Алгебрын илэрхийлэл, тэгшитгэл","Алгебрын илэрхийлэл, тэгшитгэл",CZ-6.5в,"6.5в. х - нь тэнцүүгийн тэмдгийн зөвхөн нэг талд нь байх бүхэл тоон коэффициенттэй шугаман тэгшитгэл зохиох, бодох","10. Сурагч бүхэл коэффиценттэй алгебрын шугаман илэрхийлэл зохиож, хялбарчилдаг, тоон утгыг олдог, бүхэл тоон коэффиценттэй хялбар шугаман тэгшитгэл зохиож, шийдийг олдог болно."
L81,Дүрсэн дараалал,"Дараалал, функц",CZ-6.6а,"6.6а. Дүрсэн дарааллын зүй тогтлыг олох, үргэлжлүүлэх, дараалал зохиох","11. Сурагч тоон болон дүрсэн дарааллын зүй тогтлыг олж, тайлбарладаг, дарааллыг үргэлжлүүлдэг, хялбар дараалал зохиодог болно."
L82,Тоон дараалал,"Дараалал, функц",CZ-6.6а,"6.6а. Дүрсэн дарааллын зүй тогтлыг олох, үргэлжлүүлэх, дараалал зохиох","11. Сурагч тоон болон дүрсэн дарааллын зүй тогтлыг олж, тайлбарладаг, дарааллыг үргэлжлүүлдэг, хялбар дараалал зохиодог болно."
L83,Дарааллын амьдрал дахь хэрэглээ,"Дараалал, функц",CZ-6.6а,"6.6а. Дүрсэн дарааллын зүй тогтлыг олох, үргэлжлүүлэх, дараалал зохиох","11. Сурагч тоон болон дүрсэн дарааллын зүй тогтлыг олж, тайлбарладаг, дарааллыг үргэлжлүүлдэг, хялбар дараалал зохиодог болно."
L84,ҮНЭЛГЭЭ-Дараалал,"Дараалал, функц",CZ-6.6а,"6.6а. Дүрсэн дарааллын зүй тогтлыг олох, үргэлжлүүлэх, дараалал зохиох","11. Сурагч тоон болон дүрсэн дарааллын зүй тогтлыг олж, тайлбарладаг, дарааллыг үргэлжлүүлдэг, хялбар дараалал зохиодог болно."
L85,Функц,"Дараалал, функц",CZ-6.6б,"6.6б. Дарааллын гишүүдийн зүй тогтлыг олох, үргэлжлүүлэх, тоон дараалал байгуулах","11. Сурагч тоон болон дүрсэн дарааллын зүй тогтлыг олж, тайлбарладаг, дарааллыг үргэлжлүүлдэг, хялбар дараалал зохиодог болно."
L86,Шугаман функцийн харгалзааны дүрэм,"Дараалал, функц",CZ-6.6в,"6.6в. Шугаман функцийн харгалзааны дүрмийг үгээр болон оролт, гаралтын схем хэрэглэн тодорхойлох 6.6г. Тэгш өнцөгт координатын хавтгайг тодорхойлох, цэгийн координатыг унших, бичих,","12. Сурагч хялбар шугаман функцийг оролт гаралтын схем хэрэглэн тодорхойлдог, шууд пропорционал хамаарлын график байгуулдаг, координатын эхийг дайрсан шулууны тэгшитгэл бичдэг болно."
L87,Тэгш өнцөгт координатын хавтгай,"Дараалал, функц",CZ-6.6в,"6.6в. Шугаман функцийн харгалзааны дүрмийг үгээр болон оролт, гаралтын схем хэрэглэн тодорхойлох 6.6г. Тэгш өнцөгт координатын хавтгайг тодорхойлох, цэгийн координатыг унших, бичих,","12. Сурагч хялбар шугаман функцийг оролт гаралтын схем хэрэглэн тодорхойлдог, шууд пропорционал хамаарлын график байгуулдаг, координатын эхийг дайрсан шулууны тэгшитгэл бичдэг болно."
L88,Шууд пропорционал хамаарлын график,"Дараалал, функц",CZ-6.6в,"6.6в. Шугаман функцийн харгалзааны дүрмийг үгээр болон оролт, гаралтын схем хэрэглэн тодорхойлох 6.6г. Тэгш өнцөгт координатын хавтгайг тодорхойлох, цэгийн координатыг унших, бичих,","12. Сурагч хялбар шугаман функцийг оролт гаралтын схем хэрэглэн тодорхойлдог, шууд пропорционал хамаарлын график байгуулдаг, координатын эхийг дайрсан шулууны тэгшитгэл бичдэг болно."
L89,бодлого дасгал (Шууд пропорционал хамаарал),"Дараалал, функц",CZ-6.6д,"6.6д. y нь х —ээр илэрхийлэгдсэн шугаман тэгшитгэлийг үнэн байлгах (x, y) хосуудыг олох, шууд пропорционал хамаарлын график байгуулах (I мөчид)","13. Сурагч хэрчим, өнцөг, гурвалжныг зурж, хэмжиж, тэмдэглэдэг, перпендикуляр, параллел шулууны талаар ойлголттой болж, огтлолцсон шулуунуудын хоорондох өнцөг, хамар өнцөг, гүйцэд өнцгийн чанар, гурвалжны тэнцэтгэл бишийг мэддэг, хэрэглэдэг болно."
L90,Шугаман тэгшитгэлийн график,"Дараалал, функц",CZ-6.6д,"6.6д. y нь х —ээр илэрхийлэгдсэн шугаман тэгшитгэлийг үнэн байлгах (x, y) хосуудыг олох, шууд пропорционал хамаарлын график байгуулах (I мөчид)","13. Сурагч хэрчим, өнцөг, гурвалжныг зурж, хэмжиж, тэмдэглэдэг, перпендикуляр, параллел шулууны талаар ойлголттой болж, огтлолцсон шулуунуудын хоорондох өнцөг, хамар өнцөг, гүйцэд өнцгийн чанар, гурвалжны тэнцэтгэл бишийг мэддэг, хэрэглэдэг болно."
L91,Шулууны тэгшитгэл,"Дараалал, функц",CZ-6.6д,"6.6д. y нь х —ээр илэрхийлэгдсэн шугаман тэгшитгэлийг үнэн байлгах (x, y) хосуудыг олох, шууд пропорционал хамаарлын график байгуулах (I мөчид)","13. Сурагч хэрчим, өнцөг, гурвалжныг зурж, хэмжиж, тэмдэглэдэг, перпендикуляр, параллел шулууны талаар ойлголттой болж, огтлолцсон шулуунуудын хоорондох өнцөг, хамар өнцөг, гүйцэд өнцгийн чанар, гурвалжны тэнцэтгэл бишийг мэддэг, хэрэглэдэг болно."
L92,Бодлого дасгал (Шулууны тэгшитгэл),"Дараалал, функц",CZ-6.6д,"6.6д. y нь х —ээр илэрхийлэгдсэн шугаман тэгшитгэлийг үнэн байлгах (x, y) хосуудыг олох, шууд пропорционал хамаарлын график байгуулах (I мөчид)","13. Сурагч хэрчим, өнцөг, гурвалжныг зурж, хэмжиж, тэмдэглэдэг, перпендикуляр, параллел шулууны талаар ойлголттой болж, огтлолцсон шулуунуудын хоорондох өнцөг, хамар өнцөг, гүйцэд өнцгийн чанар, гурвалжны тэнцэтгэл бишийг мэддэг, хэрэглэдэг болно."
L93,"ҮНЭЛГЭЭ-Алгебрын илэрхийлэл, тэгшитгэл","Дараалал, функц",CZ-6.6д,"6.6д. y нь х —ээр илэрхийлэгдсэн шугаман тэгшитгэлийг үнэн байлгах (x, y) хосуудыг олох, шууд пропорционал хамаарлын график байгуулах (I мөчид)","13. Сурагч хэрчим, өнцөг, гурвалжныг зурж, хэмжиж, тэмдэглэдэг, перпендикуляр, параллел шулууны талаар ойлголттой болж, огтлолцсон шулуунуудын хоорондох өнцөг, хамар өнцөг, гүйцэд өнцгийн чанар, гурвалжны тэнцэтгэл бишийг мэддэг, хэрэглэдэг болно."
L94,"Цэг, шулуун, хэрчим, цацраг","Өнцөг, дүрс, биет",CZ-6.7а,"6.7а. Цэг, шулуун, хэрчим, цацраг, өнцгийг зурах, хэмжих, тэмдэглэх,","13. Сурагч хэрчим, өнцөг, гурвалжныг зурж, хэмжиж, тэмдэглэдэг, перпендикуляр, параллел шулууны талаар ойлголттой болж, огтлолцсон шулуунуудын хоорондох өнцөг, хамар өнцөг, гүйцэд өнцгийн чанар, гурвалжны тэнцэтгэл бишийг мэддэг, хэрэглэдэг болно."
L95,Геометр байгуулалт,"Өнцөг, дүрс, биет",CZ-6.7з,"6.7з. Гурвалжин шугам, транспортир хэрэглэн хэмжих, зурах:
-  Хэрчмийг миллиметрийн нарийвчлалтай хэмжих, зурах
-    Хурц, мохоо, тэгш өнцөг болон 180 -аас их хэмжээтэй өнцгүүдийг градусаар хэмжих, зурах
-   Гурвалжныг өгсөн тал, өнцгөөр нь зурах","13. Сурагч хэрчим, өнцөг, гурвалжныг зурж, хэмжиж, тэмдэглэдэг, перпендикуляр, параллел шулууны талаар ойлголттой болж, огтлолцсон шулуунуудын хоорондох өнцөг, хамар өнцөг, гүйцэд өнцгийн чанар, гурвалжны тэнцэтгэл бишийг мэддэг, хэрэглэдэг болно."
L96,"Перпендикуляр, параллел шулуунууд","Өнцөг, дүрс, биет",CZ-6.7з,"6.7з. Гурвалжин шугам, транспортир хэрэглэн хэмжих, зурах:
-  Хэрчмийг миллиметрийн нарийвчлалтай хэмжих, зурах
-    Хурц, мохоо, тэгш өнцөг болон 180 -аас их хэмжээтэй өнцгүүдийг градусаар хэмжих, зурах
-   Гурвалжныг өгсөн тал, өнцгөөр нь зурах","13. Сурагч хэрчим, өнцөг, гурвалжныг зурж, хэмжиж, тэмдэглэдэг, перпендикуляр, параллел шулууны талаар ойлголттой болж, огтлолцсон шулуунуудын хоорондох өнцөг, хамар өнцөг, гүйцэд өнцгийн чанар, гурвалжны тэнцэтгэл бишийг мэддэг, хэрэглэдэг болно."
L97,Бүтээлч дасгал (Байгуулалт),"Өнцөг, дүрс, биет",CZ-6.7з,"6.7з. Гурвалжин шугам, транспортир хэрэглэн хэмжих, зурах:
-  Хэрчмийг миллиметрийн нарийвчлалтай хэмжих, зурах
-    Хурц, мохоо, тэгш өнцөг болон 180 -аас их хэмжээтэй өнцгүүдийг градусаар хэмжих, зурах
-   Гурвалжныг өгсөн тал, өнцгөөр нь зурах","13. Сурагч хэрчим, өнцөг, гурвалжныг зурж, хэмжиж, тэмдэглэдэг, перпендикуляр, параллел шулууны талаар ойлголттой болж, огтлолцсон шулуунуудын хоорондох өнцөг, хамар өнцөг, гүйцэд өнцгийн чанар, гурвалжны тэнцэтгэл бишийг мэддэг, хэрэглэдэг болно."
L98,Өнцөг,"Өнцөг, дүрс, биет",CZ-6.7з,"6.7з. Гурвалжин шугам, транспортир хэрэглэн хэмжих, зурах:
-  Хэрчмийг миллиметрийн нарийвчлалтай хэмжих, зурах
-    Хурц, мохоо, тэгш өнцөг болон 180 -аас их хэмжээтэй өнцгүүдийг градусаар хэмжих, зурах
-   Гурвалжныг өгсөн тал, өнцгөөр нь зурах","13. Сурагч хэрчим, өнцөг, гурвалжныг зурж, хэмжиж, тэмдэглэдэг, перпендикуляр, параллел шулууны талаар ойлголттой болж, огтлолцсон шулуунуудын хоорондох өнцөг, хамар өнцөг, гүйцэд өнцгийн чанар, гурвалжны тэнцэтгэл бишийг мэддэг, хэрэглэдэг болно."
L99,Хамар ба босоо өнцөг,"Өнцөг, дүрс, биет",CZ-6.7г,"6.7г. Гурвалжны тэнцэтгэл бишийг мэдэх, хэрэглэх","13. Сурагч хэрчим, өнцөг, гурвалжныг зурж, хэмжиж, тэмдэглэдэг, перпендикуляр, параллел шулууны талаар ойлголттой болж, огтлолцсон шулуунуудын хоорондох өнцөг, хамар өнцөг, гүйцэд өнцгийн чанар, гурвалжны тэнцэтгэл бишийг мэддэг, хэрэглэдэг болно."
L100,Бодлого дасгал (Хамар ба босоо өнцөг),"Өнцөг, дүрс, биет",CZ-6.7б,"6.7б. Перпендикуляр, параллел шулууны талаар ойлголттой болох, огтлолцсон шулуунуудын хоорондох өнцгийн чанар, хамар өнцгүүдийн нийлбэр (180°)-ийн чанар, гүйцэд өнцгийн (360°) чанарыг мэдэх, хэрэглэх","13. Сурагч хэрчим, өнцөг, гурвалжныг зурж, хэмжиж, тэмдэглэдэг, перпендикуляр, параллел шулууны талаар ойлголттой болж, огтлолцсон шулуунуудын хоорондох өнцөг, хамар өнцөг, гүйцэд өнцгийн чанар, гурвалжны тэнцэтгэл бишийг мэддэг, хэрэглэдэг болно."
L101,Гурвалжин ,"Өнцөг, дүрс, биет",CZ-6.7в,"6.7в. Гурвалжны дотоод өнцгүүдийн нийлбэр 180° байдгийг хэрэглэн гүдгэр 4, 5, 6 өнцөгтийн дотоод өнцгүүдийн нийлбэрийг олох","14. Сурагч олон өнцөгтийг таньж, ангилдаг, тойрог, дөрвөн өнцөгтүүдийг зурж, тэмдэглэдэг, дөрвөн өнцөгтийн тал, өнцгийн чанарыг тодорхойлдог, гурвалжны дотоод өнцгүүдийн нийлбэрийн чанарыг хэрэглэн гүдгэр олон өнцөгтийн дотоод өнцгүүдийн нийлбэрийг олдог болно."
L102,Гурвалжны тэнцэтгэл биш,"Өнцөг, дүрс, биет",CZ-6.7в,"6.7в. Гурвалжны дотоод өнцгүүдийн нийлбэр 180° байдгийг хэрэглэн гүдгэр 4, 5, 6 өнцөгтийн дотоод өнцгүүдийн нийлбэрийг олох","14. Сурагч олон өнцөгтийг таньж, ангилдаг, тойрог, дөрвөн өнцөгтүүдийг зурж, тэмдэглэдэг, дөрвөн өнцөгтийн тал, өнцгийн чанарыг тодорхойлдог, гурвалжны дотоод өнцгүүдийн нийлбэрийн чанарыг хэрэглэн гүдгэр олон өнцөгтийн дотоод өнцгүүдийн нийлбэрийг олдог болно."
L103,"Бодлого дасгал (Гурвалжин, гурвалжны тэнцэтгэл биш)","Өнцөг, дүрс, биет",CZ-6.7в,"6.7в. Гурвалжны дотоод өнцгүүдийн нийлбэр 180° байдгийг хэрэглэн гүдгэр 4, 5, 6 өнцөгтийн дотоод өнцгүүдийн нийлбэрийг олох","14. Сурагч олон өнцөгтийг таньж, ангилдаг, тойрог, дөрвөн өнцөгтүүдийг зурж, тэмдэглэдэг, дөрвөн өнцөгтийн тал, өнцгийн чанарыг тодорхойлдог, гурвалжны дотоод өнцгүүдийн нийлбэрийн чанарыг хэрэглэн гүдгэр олон өнцөгтийн дотоод өнцгүүдийн нийлбэрийг олдог болно."
L104,"ҮНЭЛГЭЭ-Хэмжих, зурах, гурвалжны тэнцэтгэл биш","Өнцөг, дүрс, биет",CZ-6.7в,"6.7в. Гурвалжны дотоод өнцгүүдийн нийлбэр 180° байдгийг хэрэглэн гүдгэр 4, 5, 6 өнцөгтийн дотоод өнцгүүдийн нийлбэрийг олох","14. Сурагч олон өнцөгтийг таньж, ангилдаг, тойрог, дөрвөн өнцөгтүүдийг зурж, тэмдэглэдэг, дөрвөн өнцөгтийн тал, өнцгийн чанарыг тодорхойлдог, гурвалжны дотоод өнцгүүдийн нийлбэрийн чанарыг хэрэглэн гүдгэр олон өнцөгтийн дотоод өнцгүүдийн нийлбэрийг олдог болно."
L105,Олон өнцөгт,Тойрог ба олон өнцөгт,CZ-6.7д,"6.7д. Гүдгэр ба гүдгэр биш олон өнцөгтийг таних, ангилах, дөрвөн өнцөгтүүдийг (квадрат, тэгш өнцөгт, ромбо, параллелограмм, трапец) зурах, тэмдэглэх, тал, өнцгийн чанарыг тодорхойлох","14. Сурагч олон өнцөгтийг таньж, ангилдаг, тойрог, дөрвөн өнцөгтүүдийг зурж, тэмдэглэдэг, дөрвөн өнцөгтийн тал, өнцгийн чанарыг тодорхойлдог, гурвалжны дотоод өнцгүүдийн нийлбэрийн чанарыг хэрэглэн гүдгэр олон өнцөгтийн дотоод өнцгүүдийн нийлбэрийг олдог болно."
L106,Гүдгэр олон өнцөгтийн дотоод өнцгүүдийн нийлбэр ,Тойрог ба олон өнцөгт,CZ-6.7д,"6.7д. Гүдгэр ба гүдгэр биш олон өнцөгтийг таних, ангилах, дөрвөн өнцөгтүүдийг (квадрат, тэгш өнцөгт, ромбо, параллелограмм, трапец) зурах, тэмдэглэх, тал, өнцгийн чанарыг тодорхойлох","14. Сурагч олон өнцөгтийг таньж, ангилдаг, тойрог, дөрвөн өнцөгтүүдийг зурж, тэмдэглэдэг, дөрвөн өнцөгтийн тал, өнцгийн чанарыг тодорхойлдог, гурвалжны дотоод өнцгүүдийн нийлбэрийн чанарыг хэрэглэн гүдгэр олон өнцөгтийн дотоод өнцгүүдийн нийлбэрийг олдог болно."
L107,Бодлого дасгал (олон өнцөгтийн дотоод өнцгүүдийн нийлбэр),Тойрог ба олон өнцөгт,CZ-6.7д,"6.7д. Гүдгэр ба гүдгэр биш олон өнцөгтийг таних, ангилах, дөрвөн өнцөгтүүдийг (квадрат, тэгш өнцөгт, ромбо, параллелограмм, трапец) зурах, тэмдэглэх, тал, өнцгийн чанарыг тодорхойлох","14. Сурагч олон өнцөгтийг таньж, ангилдаг, тойрог, дөрвөн өнцөгтүүдийг зурж, тэмдэглэдэг, дөрвөн өнцөгтийн тал, өнцгийн чанарыг тодорхойлдог, гурвалжны дотоод өнцгүүдийн нийлбэрийн чанарыг хэрэглэн гүдгэр олон өнцөгтийн дотоод өнцгүүдийн нийлбэрийг олдог болно."
L108,Квадрат ба тэгш өнцөгт,Тойрог ба олон өнцөгт,CZ-6.7д,"6.7д. Гүдгэр ба гүдгэр биш олон өнцөгтийг таних, ангилах, дөрвөн өнцөгтүүдийг (квадрат, тэгш өнцөгт, ромбо, параллелограмм, трапец) зурах, тэмдэглэх, тал, өнцгийн чанарыг тодорхойлох","14. Сурагч олон өнцөгтийг таньж, ангилдаг, тойрог, дөрвөн өнцөгтүүдийг зурж, тэмдэглэдэг, дөрвөн өнцөгтийн тал, өнцгийн чанарыг тодорхойлдог, гурвалжны дотоод өнцгүүдийн нийлбэрийн чанарыг хэрэглэн гүдгэр олон өнцөгтийн дотоод өнцгүүдийн нийлбэрийг олдог болно."
L109,Параллелограмм ба ромбо,Тойрог ба олон өнцөгт,CZ-6.7д,"6.7д. Гүдгэр ба гүдгэр биш олон өнцөгтийг таних, ангилах, дөрвөн өнцөгтүүдийг (квадрат, тэгш өнцөгт, ромбо, параллелограмм, трапец) зурах, тэмдэглэх, тал, өнцгийн чанарыг тодорхойлох","14. Сурагч олон өнцөгтийг таньж, ангилдаг, тойрог, дөрвөн өнцөгтүүдийг зурж, тэмдэглэдэг, дөрвөн өнцөгтийн тал, өнцгийн чанарыг тодорхойлдог, гурвалжны дотоод өнцгүүдийн нийлбэрийн чанарыг хэрэглэн гүдгэр олон өнцөгтийн дотоод өнцгүүдийн нийлбэрийг олдог болно."
L110,Трапец,Тойрог ба олон өнцөгт,CZ-6.7д,"6.7д. Гүдгэр ба гүдгэр биш олон өнцөгтийг таних, ангилах, дөрвөн өнцөгтүүдийг (квадрат, тэгш өнцөгт, ромбо, параллелограмм, трапец) зурах, тэмдэглэх, тал, өнцгийн чанарыг тодорхойлох","14. Сурагч олон өнцөгтийг таньж, ангилдаг, тойрог, дөрвөн өнцөгтүүдийг зурж, тэмдэглэдэг, дөрвөн өнцөгтийн тал, өнцгийн чанарыг тодорхойлдог, гурвалжны дотоод өнцгүүдийн нийлбэрийн чанарыг хэрэглэн гүдгэр олон өнцөгтийн дотоод өнцгүүдийн нийлбэрийг олдог болно."
L111,Бодлого дасгал (Дөрвөн өнцөгтүүд),Тойрог ба олон өнцөгт,CZ-6.7д,"6.7д. Гүдгэр ба гүдгэр биш олон өнцөгтийг таних, ангилах, дөрвөн өнцөгтүүдийг (квадрат, тэгш өнцөгт, ромбо, параллелограмм, трапец) зурах, тэмдэглэх, тал, өнцгийн чанарыг тодорхойлох","14. Сурагч олон өнцөгтийг таньж, ангилдаг, тойрог, дөрвөн өнцөгтүүдийг зурж, тэмдэглэдэг, дөрвөн өнцөгтийн тал, өнцгийн чанарыг тодорхойлдог, гурвалжны дотоод өнцгүүдийн нийлбэрийн чанарыг хэрэглэн гүдгэр олон өнцөгтийн дотоод өнцгүүдийн нийлбэрийг олдог болно."
L112,Тойрог ба дугуй,Тойрог ба олон өнцөгт,CZ-6.7д,"6.7д. Гүдгэр ба гүдгэр биш олон өнцөгтийг таних, ангилах, дөрвөн өнцөгтүүдийг (квадрат, тэгш өнцөгт, ромбо, параллелограмм, трапец) зурах, тэмдэглэх, тал, өнцгийн чанарыг тодорхойлох","15. Сурагч биетүүдийг таньдаг, ижил болон ялгаатай шинжээр нь ангилдаг болно."
L113,Хавтгайн дүрсүүд,Тойрог ба олон өнцөгт,CZ-6.7е,"6.7е. Тойрог, дугуй дүрсийг таних, нэрлэх, гортиг ашиглан тойрог, дугуй байгуулах","15. Сурагч биетүүдийг таньдаг, ижил болон ялгаатай шинжээр нь ангилдаг болно."
L114,ҮНЭЛГЭЭ-Тойрог ба олон өнцөгт,Тойрог ба олон өнцөгт,CZ-6.7е,"6.7е. Тойрог, дугуй дүрсийг таних, нэрлэх, гортиг ашиглан тойрог, дугуй байгуулах","15. Сурагч биетүүдийг таньдаг, ижил болон ялгаатай шинжээр нь ангилдаг болно."
L115,Куб ба тэгш өнцөгт параллелепипед,Биетүүд,CZ-6.7е,"6.7е. Тойрог, дугуй дүрсийг таних, нэрлэх, гортиг ашиглан тойрог, дугуй байгуулах","15. Сурагч биетүүдийг таньдаг, ижил болон ялгаатай шинжээр нь ангилдаг болно."
L116,Призм ба пирамид,Биетүүд,CZ-6.7ж,"6.7ж. Призм, пирамидын орой, ирмэг, талсын тоог олох, цилиндр, конус, бөмбөрцгийг таних, нэрлэх, эдгээр биетүүдийг тодорхойлох, ангилах","15. Сурагч биетүүдийг таньдаг, ижил болон ялгаатай шинжээр нь ангилдаг болно."
L117,"Цилиндр, бөмбөрцөг, конус",Биетүүд,CZ-6.7ж,"6.7ж. Призм, пирамидын орой, ирмэг, талсын тоог олох, цилиндр, конус, бөмбөрцгийг таних, нэрлэх, эдгээр биетүүдийг тодорхойлох, ангилах","15. Сурагч биетүүдийг таньдаг, ижил болон ялгаатай шинжээр нь ангилдаг болно."
L118,Огторгуйн биетүүд,Биетүүд,CZ-6.7ж,"6.7ж. Призм, пирамидын орой, ирмэг, талсын тоог олох, цилиндр, конус, бөмбөрцгийг таних, нэрлэх, эдгээр биетүүдийг тодорхойлох, ангилах","15. Сурагч биетүүдийг таньдаг, ижил болон ялгаатай шинжээр нь ангилдаг болно."
L119,ҮНЭЛГЭЭ-Биетүүд,Биетүүд,CZ-6.7ж,"6.7ж. Призм, пирамидын орой, ирмэг, талсын тоог олох, цилиндр, конус, бөмбөрцгийг таних, нэрлэх, эдгээр биетүүдийг тодорхойлох, ангилах","15. Сурагч биетүүдийг таньдаг, ижил болон ялгаатай шинжээр нь ангилдаг болно."
L120,Тэгш өнцөгт координатын хавтгай,Хавтгай дахь дүрсийн хувиргалт ,CZ-6.8а,"6.8а. Координатын хавтгайд бүхэл тоон координаттай цэгийг тэмдэглэх, хялбар дүрс байгуулах","16. Сурагч тэнцүү дүрсүүдийг таньдаг, дүрсийн тэгш хэмийн тэнхлэгийг зурдаг, тэгш өнцөгт координатын хавтгайд хялбар дүрс байгуулдаг, дүрсийг тэгш хэм, параллел зөөлтөөр хувиргадаг, хувиргалтыг таньдаг, тайлбарладаг болно."
L121,Координатын хавтгайд дүрс байгуулах,Хавтгай дахь дүрсийн хувиргалт ,CZ-6.8б,"6.8б. Дүрсийн (гурвалжин, 4 өнцөгт, зөв 5, 6, 8 өнцөгт гэх мэт) тэгш хэмийн тэнхлэг (төв)-ийг таних, зурах","16. Сурагч тэнцүү дүрсүүдийг таньдаг, дүрсийн тэгш хэмийн тэнхлэгийг зурдаг, тэгш өнцөгт координатын хавтгайд хялбар дүрс байгуулдаг, дүрсийг тэгш хэм, параллел зөөлтөөр хувиргадаг, хувиргалтыг таньдаг, тайлбарладаг болно."
L122,Тэгш хэмт дүрс,Хавтгай дахь дүрсийн хувиргалт ,CZ-6.8в,"6.8в. Хавтгайн цэг ба дүрсийг хувиргах, хувиргалтыг таних,  Өгсөн шулууны хувьд тэгш хэмтэй байгуулах, Өгсөн цэгийн хувьд тэгш хэмтэй байгуулах, Параллел зөөлтөөр шилжүүлэх","16. Сурагч тэнцүү дүрсүүдийг таньдаг, дүрсийн тэгш хэмийн тэнхлэгийг зурдаг, тэгш өнцөгт координатын хавтгайд хялбар дүрс байгуулдаг, дүрсийг тэгш хэм, параллел зөөлтөөр хувиргадаг, хувиргалтыг таньдаг, тайлбарладаг болно."
L123,Параллел зөөлт,Хавтгай дахь дүрсийн хувиргалт ,CZ-6.8г,"6.8г. Тэнцүү дүрсийг таних, тэгш хэм, параллел зөөлт хувиргалтуудаар дүрсүүд тэнцүү дүрсэд шилждэг болохыг ойлгох, хэрэглэх","16. Сурагч тэнцүү дүрсүүдийг таньдаг, дүрсийн тэгш хэмийн тэнхлэгийг зурдаг, тэгш өнцөгт координатын хавтгайд хялбар дүрс байгуулдаг, дүрсийг тэгш хэм, параллел зөөлтөөр хувиргадаг, хувиргалтыг таньдаг, тайлбарладаг болно."
L124,Тэнхлэгийн тэгш хэмийн хувиргалт ,Хавтгай дахь дүрсийн хувиргалт ,CZ-6.8г,"6.8г. Тэнцүү дүрсийг таних, тэгш хэм, параллел зөөлт хувиргалтуудаар дүрсүүд тэнцүү дүрсэд шилждэг болохыг ойлгох, хэрэглэх","16. Сурагч тэнцүү дүрсүүдийг таньдаг, дүрсийн тэгш хэмийн тэнхлэгийг зурдаг, тэгш өнцөгт координатын хавтгайд хялбар дүрс байгуулдаг, дүрсийг тэгш хэм, параллел зөөлтөөр хувиргадаг, хувиргалтыг таньдаг, тайлбарладаг болно."
L125,Төвийн тэгш хэмийн хувиргалт,Хавтгай дахь дүрсийн хувиргалт ,CZ-6.8г,"6.8г. Тэнцүү дүрсийг таних, тэгш хэм, параллел зөөлт хувиргалтуудаар дүрсүүд тэнцүү дүрсэд шилждэг болохыг ойлгох, хэрэглэх","16. Сурагч тэнцүү дүрсүүдийг таньдаг, дүрсийн тэгш хэмийн тэнхлэгийг зурдаг, тэгш өнцөгт координатын хавтгайд хялбар дүрс байгуулдаг, дүрсийг тэгш хэм, параллел зөөлтөөр хувиргадаг, хувиргалтыг таньдаг, тайлбарладаг болно."
L126,Бодлого дасгал (хувиргалтууд),Хавтгай дахь дүрсийн хувиргалт ,CZ-6.8г,"6.8г. Тэнцүү дүрсийг таних, тэгш хэм, параллел зөөлт хувиргалтуудаар дүрсүүд тэнцүү дүрсэд шилждэг болохыг ойлгох, хэрэглэх","16. Сурагч тэнцүү дүрсүүдийг таньдаг, дүрсийн тэгш хэмийн тэнхлэгийг зурдаг, тэгш өнцөгт координатын хавтгайд хялбар дүрс байгуулдаг, дүрсийг тэгш хэм, параллел зөөлтөөр хувиргадаг, хувиргалтыг таньдаг, тайлбарладаг болно."
L127,Хавтгай дахь дүрсийн хувиргалтын хэрэглээ,Хавтгай дахь дүрсийн хувиргалт ,CZ-6.8г,"6.8г. Тэнцүү дүрсийг таних, тэгш хэм, параллел зөөлт хувиргалтуудаар дүрсүүд тэнцүү дүрсэд шилждэг болохыг ойлгох, хэрэглэх","16. Сурагч тэнцүү дүрсүүдийг таньдаг, дүрсийн тэгш хэмийн тэнхлэгийг зурдаг, тэгш өнцөгт координатын хавтгайд хялбар дүрс байгуулдаг, дүрсийг тэгш хэм, параллел зөөлтөөр хувиргадаг, хувиргалтыг таньдаг, тайлбарладаг болно."
L128,ҮНЭЛГЭЭ-Хавтгай дахь дүрсийн хувиргалт ,Хавтгай дахь дүрсийн хувиргалт ,CZ-6.8г,"6.8г. Тэнцүү дүрсийг таних, тэгш хэм, параллел зөөлт хувиргалтуудаар дүрсүүд тэнцүү дүрсэд шилждэг болохыг ойлгох, хэрэглэх","16. Сурагч тэнцүү дүрсүүдийг таньдаг, дүрсийн тэгш хэмийн тэнхлэгийг зурдаг, тэгш өнцөгт координатын хавтгайд хялбар дүрс байгуулдаг, дүрсийг тэгш хэм, параллел зөөлтөөр хувиргадаг, хувиргалтыг таньдаг, тайлбарладаг болно."
L129,Багтаамжийг хэмжих нэгж,"Урт, хүнд, багтаамж, хугацааг хэмжих нэгжүүд",CZ-6.9а,"6.9а. Хэмжих нэгжийг оновчтой сонгох, урт, хүнд, багтаамжийг хэмжих нэгжүүдийн хоорондын холбоо хамаарлыг мэдэх, нэгж шилжүүлэх","17. Сурагч хэмжих нэгжүүдийн холбоо, хамаарлыг бичдэг, нэгж шилжүүлдэг, үйл явдлын үргэлжлэх болон завсарлах хугацааг тооцоолдог, хэмжих багажийн хуваарийг уншиж, тайлбарладаг болно."
L130,Уртыг хэмжих нэгж,"Урт, хүнд, багтаамж, хугацааг хэмжих нэгжүүд",CZ-6.9а,"6.9а. Хэмжих нэгжийг оновчтой сонгох, урт, хүнд, багтаамжийг хэмжих нэгжүүдийн хоорондын холбоо хамаарлыг мэдэх, нэгж шилжүүлэх","17. Сурагч хэмжих нэгжүүдийн холбоо, хамаарлыг бичдэг, нэгж шилжүүлдэг, үйл явдлын үргэлжлэх болон завсарлах хугацааг тооцоолдог, хэмжих багажийн хуваарийг уншиж, тайлбарладаг болно."
L131,Хүндийг хэмжих нэгж,"Урт, хүнд, багтаамж, хугацааг хэмжих нэгжүүд",CZ-6.9а,"6.9а. Хэмжих нэгжийг оновчтой сонгох, урт, хүнд, багтаамжийг хэмжих нэгжүүдийн хоорондын холбоо хамаарлыг мэдэх, нэгж шилжүүлэх","17. Сурагч хэмжих нэгжүүдийн холбоо, хамаарлыг бичдэг, нэгж шилжүүлдэг, үйл явдлын үргэлжлэх болон завсарлах хугацааг тооцоолдог, хэмжих багажийн хуваарийг уншиж, тайлбарладаг болно."
L132,Хэмжих нэгжээ оновчтой сонгох-Бодлого дасгал,"Урт, хүнд, багтаамж, хугацааг хэмжих нэгжүүд",CZ-6.9а,"6.9а. Хэмжих нэгжийг оновчтой сонгох, урт, хүнд, багтаамжийг хэмжих нэгжүүдийн хоорондын холбоо хамаарлыг мэдэх, нэгж шилжүүлэх","17. Сурагч хэмжих нэгжүүдийн холбоо, хамаарлыг бичдэг, нэгж шилжүүлдэг, үйл явдлын үргэлжлэх болон завсарлах хугацааг тооцоолдог, хэмжих багажийн хуваарийг уншиж, тайлбарладаг болно."
L133,"12 ба 24 цагийн систем, цагийн хуваарь","Урт, хүнд, багтаамж, хугацааг хэмжих нэгжүүд",CZ-6.9б,"6.9б. Хугацааг хэмжих, хугацааны нэгжүүдийн хамаарлыг мэдэх, нэгж шилжүүлэх, 12 ба 24 цагийн систем, цагийн хуваарийг унших, хэрэглэх, үйл явдлын үргэлжлэх болон завсарлах хугацааг тооцоолох","17. Сурагч хэмжих нэгжүүдийн холбоо, хамаарлыг бичдэг, нэгж шилжүүлдэг, үйл явдлын үргэлжлэх болон завсарлах хугацааг тооцоолдог, хэмжих багажийн хуваарийг уншиж, тайлбарладаг болно."
L134,Аналоги ба дижитал багаж,"Урт, хүнд, багтаамж, хугацааг хэмжих нэгжүүд",CZ-6.9в,"6.9в. Аналог ба дижитал хэмжих багажийн хуваарийг ойлгох, унших","18. Сурагч тэгш өнцөгт болон бүх өнцөг нь тэгш өнцөг байх нийлмэл дүрсийн талбай, периметрийг тооцоолдог, холбогдох асуудал шийдвэрлэдэг болно."
L135,"ҮНЭЛГЭЭ-Урт, хүнд, багтаамж, хугацааг хэмжих нэгжүүд","Урт, хүнд, багтаамж, хугацааг хэмжих нэгжүүд",CZ-6.9в,"6.9в. Аналог ба дижитал хэмжих багажийн хуваарийг ойлгох, унших","19. Сурагч тэгш өнцөгт параллелепипедийн дэлгээсийг таньдаг, зурдаг, гадаргуугийн талбай, эзлэхүүнийг тооцоолдог, томьёог хэрэглэдэг болно."
L136,Талбайг хэмжих нэгж,"Тэгш өнцөгт ба нийлмэл дүрсийн талбай, периметр",CZ-6.9г,"6.9г.Талбайг хэмжих нэгжүүд, тэдгээрийг харилцан шилжүүлэх ","19. Сурагч тэгш өнцөгт параллелепипедийн дэлгээсийг таньдаг, зурдаг, гадаргуугийн талбай, эзлэхүүнийг тооцоолдог, томьёог хэрэглэдэг болно."
L137,Тэгш өнцөгтийн периметр ба талбай,"Тэгш өнцөгт ба нийлмэл дүрсийн талбай, периметр",CZ-6.9д,"6.9д.Тэгш өнцөгтийн периметр, талбайг олох томьёог гаргах, хэрэглэх, бүх өнцөг нь тэгш өнцөг байх нийлмэл дүрсийн талбай, периметрийг тооцоолох, асуудал шийдвэрлэх ","19. Сурагч тэгш өнцөгт параллелепипедийн дэлгээсийг таньдаг, зурдаг, гадаргуугийн талбай, эзлэхүүнийг тооцоолдог, томьёог хэрэглэдэг болно."
L138,Нийлмэл дүрсийн талбай,"Тэгш өнцөгт ба нийлмэл дүрсийн талбай, периметр",CZ-6.9д,"6.9д.Тэгш өнцөгтийн периметр, талбайг олох томьёог гаргах, хэрэглэх, бүх өнцөг нь тэгш өнцөг байх нийлмэл дүрсийн талбай, периметрийг тооцоолох, асуудал шийдвэрлэх ","19. Сурагч тэгш өнцөгт параллелепипедийн дэлгээсийг таньдаг, зурдаг, гадаргуугийн талбай, эзлэхүүнийг тооцоолдог, томьёог хэрэглэдэг болно."
L139,"Тэгш өнцөгтийн хэмжээ (урт, өргөн) ба талбай, периметрийн хамаарал","Тэгш өнцөгт ба нийлмэл дүрсийн талбай, периметр",CZ-6.9е,"6.9е.Тэгш өнцөгтийн аль нэг хэмжээсийг тодорхой тоо дахин ихэсгэхэд (багасгахад) талбай нь хэрхэн өөрчлөгдөхийг мэдэх, асуудал шийдвэрлэх","19. Сурагч тэгш өнцөгт параллелепипедийн дэлгээсийг таньдаг, зурдаг, гадаргуугийн талбай, эзлэхүүнийг тооцоолдог, томьёог хэрэглэдэг болно."
L140,"ҮНЭЛГЭЭ-Тэгш өнцөгт ба нийлмэл дүрсийн талбай, периметр","Тэгш өнцөгт ба нийлмэл дүрсийн талбай, периметр",CZ-6.9е,"6.9е.Тэгш өнцөгтийн аль нэг хэмжээсийг тодорхой тоо дахин ихэсгэхэд (багасгахад) талбай нь хэрхэн өөрчлөгдөхийг мэдэх, асуудал шийдвэрлэх","19. Сурагч тэгш өнцөгт параллелепипедийн дэлгээсийг таньдаг, зурдаг, гадаргуугийн талбай, эзлэхүүнийг тооцоолдог, томьёог хэрэглэдэг болно."
L141,Гадаргуугийн талбай,"Тэгш өнцөгт параллелепипедийн гадаргуугийн талбай, эзлэхүүн",CZ-6.9ж,"6.9ж. Тэгш өнцөгт параллелепипедийн дэлгээсийг таних, зурах, гадаргуугийн талбайг олох","19. Сурагч тэгш өнцөгт параллелепипедийн дэлгээсийг таньдаг, зурдаг, гадаргуугийн талбай, эзлэхүүнийг тооцоолдог, томьёог хэрэглэдэг болно."
L142,Эзлэхүүн,"Тэгш өнцөгт параллелепипедийн гадаргуугийн талбай, эзлэхүүн",CZ-6.9з,"6.9з. Тэгш өнцөгт параллелепипедийн эзлэхүүн олох томьёог гаргах, хэрэглэх","19. Сурагч тэгш өнцөгт параллелепипедийн дэлгээсийг таньдаг, зурдаг, гадаргуугийн талбай, эзлэхүүнийг тооцоолдог, томьёог хэрэглэдэг болно."
L143,Бодлого дасгал (Тэгш өнцөгт параллелепипедийн эзлэхүүн ба гадаргуугийн талбай),"Тэгш өнцөгт параллелепипедийн гадаргуугийн талбай, эзлэхүүн",CZ-6.9з,"6.9з. Тэгш өнцөгт параллелепипедийн эзлэхүүн олох томьёог гаргах, хэрэглэх","19. Сурагч тэгш өнцөгт параллелепипедийн дэлгээсийг таньдаг, зурдаг, гадаргуугийн талбай, эзлэхүүнийг тооцоолдог, томьёог хэрэглэдэг болно."
L144,"ҮНЭЛГЭЭ-Урт, хүнд, багтаамж, хугацааг хэмжих нэгжүүд","Тэгш өнцөгт параллелепипедийн гадаргуугийн талбай, эзлэхүүн",CZ-6.9з,"6.9з. Тэгш өнцөгт параллелепипедийн эзлэхүүн олох томьёог гаргах, хэрэглэх","19. Сурагч тэгш өнцөгт параллелепипедийн дэлгээсийг таньдаг, зурдаг, гадаргуугийн талбай, эзлэхүүнийг тооцоолдог, томьёог хэрэглэдэг болно."
L145,Өгөгдөл цуглуулах арга,"Өгөгдөл цуглуулах, дүрслэх",CZ-6.9з,"6.9з. Тэгш өнцөгт параллелепипедийн эзлэхүүн олох томьёог гаргах, хэрэглэх","19. Сурагч тэгш өнцөгт параллелепипедийн дэлгээсийг таньдаг, зурдаг, гадаргуугийн талбай, эзлэхүүнийг тооцоолдог, томьёог хэрэглэдэг болно."
L146,Баганан диаграмм ба пиктограмм,"Өгөгдөл цуглуулах, дүрслэх",CZ-6.9з,"6.9з. Тэгш өнцөгт параллелепипедийн эзлэхүүн олох томьёог гаргах, хэрэглэх","19. Сурагч тэгш өнцөгт параллелепипедийн дэлгээсийг таньдаг, зурдаг, гадаргуугийн талбай, эзлэхүүнийг тооцоолдог, томьёог хэрэглэдэг болно."
L147,Дугуй диаграмм,"Өгөгдөл цуглуулах, дүрслэх",CZ-6.9з,"6.9з. Тэгш өнцөгт параллелепипедийн эзлэхүүн олох томьёог гаргах, хэрэглэх","19. Сурагч тэгш өнцөгт параллелепипедийн дэлгээсийг таньдаг, зурдаг, гадаргуугийн талбай, эзлэхүүнийг тооцоолдог, томьёог хэрэглэдэг болно."
L148,Шугаман график,"Өгөгдөл цуглуулах, дүрслэх",CZ-6.9з,"6.9з. Тэгш өнцөгт параллелепипедийн эзлэхүүн олох томьёог гаргах, хэрэглэх","20. Сурагч өгөгдлийг бүртгэн, давтамжийн хүснэгт зохиодог, график, диаграммаар дүрсэлдэг, график, диаграммыг уншиж, тайлбарладаг болно."
L149,Өгөгдлийг дүрслэх хэлбэрүүд,"Өгөгдөл цуглуулах, дүрслэх",CZ-6.10а,"6.10а. Өгөгдөл цуглуулах, бүртгэх, давтамжийн хүснэгт зохиох","20. Сурагч өгөгдлийг бүртгэн, давтамжийн хүснэгт зохиодог, график, диаграммаар дүрсэлдэг, график, диаграммыг уншиж, тайлбарладаг болно."
L150,"ҮНЭЛГЭЭ-Өгөгдөл цуглуулах, дүрслэх","Өгөгдөл цуглуулах, дүрслэх",CZ-6.10б,"6.10б. Өгөгдлийг диаграммаар дүрслэх -   Баганан диаграмм, пиктограмм байгуулах -   Өгсөн загвар дээр хялбар дугуй диаграмм байгуулах -   Шугаман график унших","20. Сурагч өгөгдлийг бүртгэн, давтамжийн хүснэгт зохиодог, график, диаграммаар дүрсэлдэг, график, диаграммыг уншиж, тайлбарладаг болно."
L151,Дунджууд ба далайц,"Дунджууд ба далайц, баганан диаграммуудыг харьцуулан дүгнэлт гаргах",CZ-6.10б,"6.10б. Өгөгдлийг диаграммаар дүрслэх -   Баганан диаграмм, пиктограмм байгуулах -   Өгсөн загвар дээр хялбар дугуй диаграмм байгуулах -   Шугаман график унших","20. Сурагч өгөгдлийг бүртгэн, давтамжийн хүснэгт зохиодог, график, диаграммаар дүрсэлдэг, график, диаграммыг уншиж, тайлбарладаг болно."
L152,"График, диаграмм, хүснэгтээс дунджууд, далайцыг олох","Дунджууд ба далайц, баганан диаграммуудыг харьцуулан дүгнэлт гаргах",CZ-6.10б,"6.10б. Өгөгдлийг диаграммаар дүрслэх -   Баганан диаграмм, пиктограмм байгуулах -   Өгсөн загвар дээр хялбар дугуй диаграмм байгуулах -   Шугаман график унших","20. Сурагч өгөгдлийг бүртгэн, давтамжийн хүснэгт зохиодог, график, диаграммаар дүрсэлдэг, график, диаграммыг уншиж, тайлбарладаг болно."
L153,Бодлого дасгал (дунджууд ба далайж),"Дунджууд ба далайц, баганан диаграммуудыг харьцуулан дүгнэлт гаргах",CZ-6.10б,"6.10б. Өгөгдлийг диаграммаар дүрслэх -   Баганан диаграмм, пиктограмм байгуулах -   Өгсөн загвар дээр хялбар дугуй диаграмм байгуулах -   Шугаман график унших","21. Сурагч дискрет өгөгдлийн дунджууд ба далайцыг олдог, ялгааг тайлбарладаг, баганан диаграммуудыг харьцуулан дүгнэлт гаргадаг болно."
L154,"Өгөгдлүүдийг харьцуулах, дүгнэлт гаргах","Дунджууд ба далайц, баганан диаграммуудыг харьцуулан дүгнэлт гаргах",CZ-6.10в,"6.10в. Дунджууд ба далайцыг олох, давтамжийн хүснэгт ашиглан арифметик дунджийг олох","21. Сурагч дискрет өгөгдлийн дунджууд ба далайцыг олдог, ялгааг тайлбарладаг, баганан диаграммуудыг харьцуулан дүгнэлт гаргадаг болно."
L155,"Бодлого дасгал (график, диаграммаар өгөгдсөн мэдээллүүдийг харьцуулах)","Дунджууд ба далайц, баганан диаграммуудыг харьцуулан дүгнэлт гаргах",CZ-6.10г,"6.10г. Хүснэгт, диаграмм, графикийг унших, тайлбарлах, дүгнэлт гаргах","21. Сурагч дискрет өгөгдлийн дунджууд ба далайцыг олдог, ялгааг тайлбарладаг, баганан диаграммуудыг харьцуулан дүгнэлт гаргадаг болно."
L156,"ҮНЭЛГЭЭ-Дунджууд ба далайц, баганан диаграммуудыг харьцуулан дүгнэлт гаргах","Дунджууд ба далайц, баганан диаграммуудыг харьцуулан дүгнэлт гаргах",CZ-6.10д,"6.10д. Баганан диаграммуудыг моод, медиан, арифметик дунджаар нь харьцуулах, дүгнэлт гаргах","21. Сурагч дискрет өгөгдлийн дунджууд ба далайцыг олдог, ялгааг тайлбарладаг, баганан диаграммуудыг харьцуулан дүгнэлт гаргадаг болно."
L157,Үзэгдэл ба эгэл үзэгдэл,"Тэнцүү боломжтой үзэгдлийн магадлал, магадлалын хэл",CZ-6.11а,"6.11а. Боломжийг тоолох, нийлбэр, үржвэрийн зарчим хэрэглэх 6.11б. Тэнцүү боломжтой үр дүн бүхий үзэгдлийн магадлалыг олох, магадлалын хэмжээ 0-ээс 1-ийн хооронд байдгийг ойлгох 6.11в. Магадлалыг олж, тоон шулуун дээр тэмдэглэх, магадлалын хэл хэрэглэх (гарцаагүй үзэгдэл, боломжгүй үзэгдэл, тэгш боломжтой үзэгдэл гэх мэт)","22. Сурагч тэнцүү боломжтой үр дүн бүхий үзэгдлийн магадлалыг олж, тоон шулуун дээр тэмдэглэн, магадлалын хэл хэрэглэн тайлбарладаг болно."
L158,Үржвэр ба нийлбэрийн зарчим,"Тэнцүү боломжтой үзэгдлийн магадлал, магадлалын хэл",CZ-6.11а,"6.11а. Боломжийг тоолох, нийлбэр, үржвэрийн зарчим хэрэглэх 6.11б. Тэнцүү боломжтой үр дүн бүхий үзэгдлийн магадлалыг олох, магадлалын хэмжээ 0-ээс 1-ийн хооронд байдгийг ойлгох 6.11в. Магадлалыг олж, тоон шулуун дээр тэмдэглэх, магадлалын хэл хэрэглэх (гарцаагүй үзэгдэл, боломжгүй үзэгдэл, тэгш боломжтой үзэгдэл гэх мэт)","22. Сурагч тэнцүү боломжтой үр дүн бүхий үзэгдлийн магадлалыг олж, тоон шулуун дээр тэмдэглэн, магадлалын хэл хэрэглэн тайлбарладаг болно."
L159,Бодлого дасгал (Үржвэр ба нийлбэрийн зарчим),"Тэнцүү боломжтой үзэгдлийн магадлал, магадлалын хэл",CZ-6.11а,"6.11а. Боломжийг тоолох, нийлбэр, үржвэрийн зарчим хэрэглэх 6.11б. Тэнцүү боломжтой үр дүн бүхий үзэгдлийн магадлалыг олох, магадлалын хэмжээ 0-ээс 1-ийн хооронд байдгийг ойлгох 6.11в. Магадлалыг олж, тоон шулуун дээр тэмдэглэх, магадлалын хэл хэрэглэх (гарцаагүй үзэгдэл, боломжгүй үзэгдэл, тэгш боломжтой үзэгдэл гэх мэт)","22. Сурагч тэнцүү боломжтой үр дүн бүхий үзэгдлийн магадлалыг олж, тоон шулуун дээр тэмдэглэн, магадлалын хэл хэрэглэн тайлбарладаг болно."
L160,Үзэгдлийн магадлал,"Тэнцүү боломжтой үзэгдлийн магадлал, магадлалын хэл",CZ-6.11а,"6.11а. Боломжийг тоолох, нийлбэр, үржвэрийн зарчим хэрэглэх 6.11б. Тэнцүү боломжтой үр дүн бүхий үзэгдлийн магадлалыг олох, магадлалын хэмжээ 0-ээс 1-ийн хооронд байдгийг ойлгох 6.11в. Магадлалыг олж, тоон шулуун дээр тэмдэглэх, магадлалын хэл хэрэглэх (гарцаагүй үзэгдэл, боломжгүй үзэгдэл, тэгш боломжтой үзэгдэл гэх мэт)","22. Сурагч тэнцүү боломжтой үр дүн бүхий үзэгдлийн магадлалыг олж, тоон шулуун дээр тэмдэглэн, магадлалын хэл хэрэглэн тайлбарладаг болно."
L161,Магадлалын тоон утга,"Тэнцүү боломжтой үзэгдлийн магадлал, магадлалын хэл",CZ-6.11а,"6.11а. Боломжийг тоолох, нийлбэр, үржвэрийн зарчим хэрэглэх 6.11б. Тэнцүү боломжтой үр дүн бүхий үзэгдлийн магадлалыг олох, магадлалын хэмжээ 0-ээс 1-ийн хооронд байдгийг ойлгох 6.11в. Магадлалыг олж, тоон шулуун дээр тэмдэглэх, магадлалын хэл хэрэглэх (гарцаагүй үзэгдэл, боломжгүй үзэгдэл, тэгш боломжтой үзэгдэл гэх мэт)","22. Сурагч тэнцүү боломжтой үр дүн бүхий үзэгдлийн магадлалыг олж, тоон шулуун дээр тэмдэглэн, магадлалын хэл хэрэглэн тайлбарладаг болно."
L162,Тэнцүү биш боломжтой үр дүн бүхий туршилт,"Тэнцүү боломжтой үзэгдлийн магадлал, магадлалын хэл",CZ-6.11а,"6.11а. Боломжийг тоолох, нийлбэр, үржвэрийн зарчим хэрэглэх 6.11б. Тэнцүү боломжтой үр дүн бүхий үзэгдлийн магадлалыг олох, магадлалын хэмжээ 0-ээс 1-ийн хооронд байдгийг ойлгох 6.11в. Магадлалыг олж, тоон шулуун дээр тэмдэглэх, магадлалын хэл хэрэглэх (гарцаагүй үзэгдэл, боломжгүй үзэгдэл, тэгш боломжтой үзэгдэл гэх мэт)","22. Сурагч тэнцүү боломжтой үр дүн бүхий үзэгдлийн магадлалыг олж, тоон шулуун дээр тэмдэглэн, магадлалын хэл хэрэглэн тайлбарладаг болно."
L163,Магадлалын хэл,"Тэнцүү боломжтой үзэгдлийн магадлал, магадлалын хэл",CZ-6.11а,"6.11а. Боломжийг тоолох, нийлбэр, үржвэрийн зарчим хэрэглэх 6.11б. Тэнцүү боломжтой үр дүн бүхий үзэгдлийн магадлалыг олох, магадлалын хэмжээ 0-ээс 1-ийн хооронд байдгийг ойлгох 6.11в. Магадлалыг олж, тоон шулуун дээр тэмдэглэх, магадлалын хэл хэрэглэх (гарцаагүй үзэгдэл, боломжгүй үзэгдэл, тэгш боломжтой үзэгдэл гэх мэт)","22. Сурагч тэнцүү боломжтой үр дүн бүхий үзэгдлийн магадлалыг олж, тоон шулуун дээр тэмдэглэн, магадлалын хэл хэрэглэн тайлбарладаг болно."
L164,Бодлого дасгал (Магадлал),"Тэнцүү боломжтой үзэгдлийн магадлал, магадлалын хэл",CZ-6.11а,"6.11а. Боломжийг тоолох, нийлбэр, үржвэрийн зарчим хэрэглэх 6.11б. Тэнцүү боломжтой үр дүн бүхий үзэгдлийн магадлалыг олох, магадлалын хэмжээ 0-ээс 1-ийн хооронд байдгийг ойлгох 6.11в. Магадлалыг олж, тоон шулуун дээр тэмдэглэх, магадлалын хэл хэрэглэх (гарцаагүй үзэгдэл, боломжгүй үзэгдэл, тэгш боломжтой үзэгдэл гэх мэт)","22. Сурагч тэнцүү боломжтой үр дүн бүхий үзэгдлийн магадлалыг олж, тоон шулуун дээр тэмдэглэн, магадлалын хэл хэрэглэн тайлбарладаг болно."
L165,"ҮНЭЛГЭЭ-Тэнцүү боломжтой үзэгдлийн магадлал, магадлалын хэл","Тэнцүү боломжтой үзэгдлийн магадлал, магадлалын хэл",CZ-6.11а,"6.11а. Боломжийг тоолох, нийлбэр, үржвэрийн зарчим хэрэглэх 6.11б. Тэнцүү боломжтой үр дүн бүхий үзэгдлийн магадлалыг олох, магадлалын хэмжээ 0-ээс 1-ийн хооронд байдгийг ойлгох 6.11в. Магадлалыг олж, тоон шулуун дээр тэмдэглэх, магадлалын хэл хэрэглэх (гарцаагүй үзэгдэл, боломжгүй үзэгдэл, тэгш боломжтой үзэгдэл гэх мэт)","22. Сурагч тэнцүү боломжтой үр дүн бүхий үзэгдлийн магадлалыг олж, тоон шулуун дээр тэмдэглэн, магадлалын хэл хэрэглэн тайлбарладаг болно."
,,22,,,
